0,30.9747,20,27,30,7,6
1,31.9551,20,27,31,7,6
2,31.9747,22,27,31,8,6
3,31.9649,21,27,31,8,5
4,31.9649,21,27,31,8,5
5,31.9649,21,27,30,8,5
6,31.9649,23,27,30,9,5
7,31.9747,22,27,31,8,6
8,31.9845,23,27,31,9,5
9,31.9845,23,25,30,9,5
10,31.9747,22,27,31,8,6
11,31.9747,22,27,31,8,6
12,31.9747,22,27,31,8,6
13,31.9747,20,27,30,7,6
14,31.9747,22,27,31,8,6
15,31.9747,22,27,30,8,6
16,31.9845,23,27,31,9,5
17,31.9845,23,26,29,9,5
18,31.0041,23,27,30,9,5
19,30.9845,21,27,30,8,5
20,30.9845,23,25,28,9,5
21,30.9845,21,27,30,8,5
22,31.9649,21,27,31,8,5
23,31.9649,21,27,31,8,5
24,31.9453,19,27,31,7,5
25,31.9649,21,27,31,8,5
26,31.9649,21,27,30,8,5
27,32.9453,21,27,32,8,5
28,32.9453,21,27,32,8,5
29,32.9551,22,27,32,8,6
30,32.9551,22,27,31,8,6
31,32.9551,22,27,31,8,6
32,31.9943,24,27,31,9,6
33,31.9943,24,27,31,9,6
34,31.9943,24,27,31,9,6
35,31.9923,24,27,31,9,6
36,32.9629,23,27,32,9,5
37,32.9629,23,27,32,9,5
38,32.9629,22,27,31,8,6
39,32.9629,23,27,31,9,5
40,32.9629,22,27,31,8,6
41,32.9531,22,27,32,9,4
42,32.9531,22,27,31,9,4
43,32.9531,22,27,32,9,4
44,32.9531,22,27,31,9,4
45,32.9531,22,26,31,8,6
46,32.9531,22,27,31,9,4
47,32.9531,23,26,30,9,5
48,32.9531,22,27,31,9,4
49,32.9531,22,27,31,9,4
50,32.9551,22,27,32,9,4
51,32.9551,22,27,31,9,4
52,32.9551,22,27,31,8,6
53,32.9551,24,27,29,9,6
54,32.9551,20,25,30,8,4
55,32.9551,23,26,31,9,5
56,33.9335,22,27,33,8,6
57,33.9335,22,27,32,8,6
58,33.9335,22,27,32,8,6
59,33.9335,22,26,31,8,6
60,33.9335,23,26,31,9,5
61,33.9335,23,27,31,9,5
62,33.9335,21,26,32,8,5
63,33.9335,23,26,31,9,5
64,33.9335,22,27,32,8,6
65,33.9335,23,27,31,9,5
66,33.9335,22,27,33,8,6
67,33.9335,22,27,33,8,6
68,33.9335,21,27,31,8,5
69,33.9335,22,27,32,8,6
70,33.9335,23,27,31,9,5
71,33.9335,20,27,31,7,6
72,33.9335,21,27,31,8,5
73,33.9335,22,26,32,8,6
74,33.9335,22,27,31,8,6
75,32.9511,22,27,32,8,6
76,32.9511,22,27,32,8,6
77,32.9511,23,27,31,9,5
78,32.9511,22,27,30,8,6
79,32.9511,22,27,31,8,6
80,32.9511,22,27,32,8,6
81,32.9511,22,27,31,8,6
82,32.9511,22,27,32,8,6
83,32.9335,20,27,32,7,6
84,32.9511,22,27,32,8,6
85,32.9413,22,26,32,8,6
86,32.9217,21,25,32,8,5
87,32.9217,21,25,32,8,5
88,32.9217,21,25,32,8,5
89,32.9217,21,25,31,8,5
90,32.9217,21,25,32,8,5
91,32.9217,19,24,29,7,5
92,32.9217,21,25,32,8,5
93,32.9629,23,27,32,9,5
94,32.961,23,27,32,9,5
95,32.9511,23,26,32,9,5
96,32.9511,23,26,32,9,5
97,32.9511,21,26,31,8,5
98,32.9511,23,26,32,9,5
99,32.9511,23,26,32,9,5
100,32.961,23,27,32,9,5
101,32.961,23,27,32,9,5
102,32.961,23,27,30,9,5
103,32.9629,23,27,32,9,5
104,32.9629,23,27,29,9,5
105,32.9629,23,27,31,9,5
106,32.9433,21,27,32,8,5
107,32.9433,20,27,31,7,6
108,32.9433,21,27,30,8,5
109,32.9433,21,27,32,8,5
110,32.9433,21,27,32,8,5
111,32.9433,21,27,32,8,5
112,32.9629,23,27,32,9,5
113,32.9629,23,27,32,9,5
114,32.9629,23,26,31,9,5
115,32.9629,22,27,31,9,4
116,32.9335,21,26,32,8,5
117,32.9335,21,26,32,8,5
118,32.9335,22,27,31,9,4
119,32.9335,21,26,32,8,5
120,32.9433,21,27,32,8,5
121,32.9433,21,27,32,8,5
122,32.9433,21,26,30,8,5
123,32.9531,22,27,32,8,6
124,32.9237,20,26,32,8,4
125,32.9433,22,26,32,8,6
126,32.9433,22,26,32,8,6
127,32.9433,21,26,31,8,5
128,32.9531,22,27,32,8,6
129,32.9531,22,27,32,8,6
130,32.9531,22,27,31,8,6
131,32.9531,22,27,32,8,6
132,32.9531,22,27,30,8,6
133,32.9531,22,27,32,8,6
134,32.9531,22,27,31,8,6
135,32.9531,22,27,30,8,6
136,32.9531,22,25,32,8,6
137,32.9531,22,27,32,8,6
138,32.9531,22,27,31,8,6
139,32.9531,22,27,31,8,6
140,32.9531,22,27,31,8,6
141,32.9531,22,27,32,8,6
142,32.9551,22,27,32,8,6
143,32.9551,22,27,32,8,6
144,31.9845,24,26,31,9,6
145,31.9747,23,26,31,9,5
146,31.9727,22,27,31,9,4
147,31.9727,22,27,31,9,4
148,31.9727,22,27,31,9,4
149,31.9923,24,27,31,9,6
150,31.9923,24,26,30,9,6
151,31.9923,22,27,29,8,6
152,31.9747,22,27,31,9,4
153,32.9551,22,27,32,8,6
154,32.9551,22,27,31,9,4
155,32.9551,23,27,30,9,5
156,32.9649,23,27,32,9,5
157,32.9649,23,27,32,9,5
158,32.9531,22,27,32,8,6
159,32.9551,22,27,32,8,6
160,32.9551,22,27,32,8,6
161,32.9551,23,26,30,9,5
162,32.9649,23,27,32,9,5
163,31.9747,23,26,31,9,5
164,31.9551,21,26,31,8,5
165,31.9551,21,26,30,8,5
166,31.9649,21,27,31,8,5
167,31.9649,21,25,30,8,5
168,31.9649,22,27,30,8,6
169,31.9845,23,27,31,9,5
170,31.9845,21,27,30,8,5
171,31.9727,23,26,31,9,5
172,31.9707,23,26,31,9,5
173,31.9825,24,26,31,9,6
174,31.9707,23,26,31,9,5
175,31.9707,23,26,31,9,5
176,31.9727,23,26,31,9,5
177,31.9727,22,26,30,8,6
178,31.9825,23,27,31,9,5
179,31.9825,21,27,30,8,5
180,31.9825,23,27,31,9,5
181,32.9629,23,27,32,9,5
182,32.9629,23,27,32,9,5
183,32.9629,23,27,32,9,5
184,32.9629,23,27,32,9,5
185,32.9629,21,27,31,8,5
186,32.9629,23,27,30,9,5
187,32.9433,21,27,32,8,5
188,32.9433,21,27,31,8,5
189,32.9433,22,27,31,8,6
190,32.9433,21,27,31,8,5
191,32.9453,21,27,32,8,5
192,32.9453,21,27,32,8,5
193,32.9453,21,27,32,8,5
194,32.9649,23,27,32,9,5
195,32.9649,23,27,32,9,5
196,32.9649,23,27,30,9,5
197,32.9649,23,27,29,9,5
198,32.9453,21,27,32,8,5
199,32.9453,22,27,31,8,6
200,32.9453,22,27,31,8,6
201,32.9453,21,26,31,8,5
202,32.9453,20,26,31,8,4
203,32.9453,21,27,30,8,5
204,32.9453,21,27,31,8,5
205,32.9453,21,27,32,8,5
206,32.9355,20,27,32,8,4
207,32.9355,20,25,30,8,4
208,32.9355,20,27,32,8,4
209,32.9551,22,27,32,8,6
210,32.9649,23,27,32,9,5
211,32.9453,22,26,32,9,4
212,32.9453,22,26,32,9,4
213,32.9453,22,26,31,9,4
214,32.9453,22,26,32,9,4
215,32.9453,22,26,32,9,4
216,32.9453,22,26,32,9,4
217,32.9453,22,26,30,9,4
218,32.9453,23,27,31,9,5
219,32.9257,20,26,32,8,4
220,32.9551,22,27,32,9,4
221,32.9551,20,26,32,8,4
222,32.9551,22,27,32,8,6
223,32.9551,22,27,32,8,6
224,32.9551,22,27,31,8,6
225,32.9551,23,27,31,9,5
226,32.9649,23,27,32,9,5
227,32.9649,23,27,32,9,5
228,32.9649,23,27,32,9,5
229,32.9649,23,26,30,9,5
230,33.9061,20,26,33,8,4
231,33.9061,21,27,31,8,5
232,33.9061,21,27,30,8,5
233,33.9061,21,26,32,8,5
234,33.9061,20,26,33,8,4
235,33.9061,20,26,33,8,4
236,33.9061,21,27,32,8,5
237,33.9061,22,26,31,9,4
238,33.9061,20,27,32,8,4
239,33.9061,21,25,33,8,5
240,33.9061,21,25,31,8,5
241,33.9061,21,25,33,8,5
242,33.9061,22,27,32,8,6
243,33.9061,22,26,30,8,6
244,33.9061,20,24,32,8,4
245,33.9061,21,25,32,8,5
246,33.9061,20,24,31,8,4
247,33.9257,21,27,33,8,5
248,33.9257,22,27,32,9,4
249,33.9257,21,27,32,8,5
250,33.9257,21,27,32,8,5
251,33.9257,21,27,33,8,5
252,33.9257,21,27,32,8,5
253,33.9257,21,27,33,8,5
254,33.9257,21,27,31,8,5
255,33.9257,21,27,30,8,5
256,33.9257,21,27,32,8,5
257,33.9257,22,27,32,9,4
258,33.9257,21,27,33,8,5
259,33.9257,23,27,31,9,5
260,33.9257,22,27,32,8,6
261,33.9257,21,27,32,8,5
262,33.9257,21,27,30,8,5
263,33.9257,19,27,31,7,5
264,33.9257,21,27,33,8,5
265,33.9257,21,27,33,8,5
266,33.9257,23,27,31,9,5
267,33.9257,22,27,32,8,6
268,33.9257,21,27,33,8,5
269,33.9257,21,27,31,8,5
270,33.9159,21,26,33,8,5
271,33.9159,21,27,29,8,5
272,33.9159,22,26,32,8,6
273,33.9159,21,26,32,8,5
274,33.9159,23,26,32,9,5
275,33.9159,21,26,31,8,5
276,33.9159,21,26,32,8,5
277,33.9159,21,26,32,8,5
278,33.9159,22,26,32,8,6
279,33.9159,19,26,32,7,5
280,33.9159,21,26,33,8,5
281,33.9159,21,26,33,8,5
282,33.9159,21,26,32,8,5
283,33.9159,21,27,32,8,5
284,33.9159,21,26,33,8,5
285,33.9159,22,26,32,9,4
286,33.9139,21,26,33,8,5
287,33.9139,21,26,31,8,5
288,33.9257,22,26,33,9,4
289,33.9257,23,27,32,9,5
290,33.9257,22,26,31,9,4
291,33.9257,22,26,33,9,4
292,33.9257,22,26,33,9,4
293,33.9257,22,26,32,9,4
294,33.9257,22,26,29,9,4
295,33.9257,22,26,33,9,4
296,33.9257,22,26,33,9,4
297,33.9257,22,27,30,8,6
298,33.9257,23,27,32,9,5
299,33.9335,22,27,33,8,6
300,33.9335,22,27,32,8,6
301,33.9335,22,27,31,8,6
302,33.9139,20,27,33,7,6
303,33.9139,20,27,31,7,6
304,33.9139,22,27,32,8,6
305,33.9139,20,27,33,8,4
306,33.9139,21,27,31,8,5
307,33.9237,21,27,33,8,5
308,33.9237,21,27,31,8,5
309,33.9237,22,26,32,9,4
310,33.9335,22,27,33,8,6
311,33.9335,22,27,32,8,6
312,33.9335,20,26,31,8,4
313,33.9335,22,27,31,8,6
314,33.9335,22,27,32,8,6
315,33.9335,22,27,33,9,4
316,33.9335,22,27,33,9,4
317,33.9335,23,26,33,9,5
318,33.9335,22,27,31,8,6
319,33.9335,21,26,31,8,5
320,33.9335,23,26,32,9,5
321,33.9335,21,26,31,8,5
322,33.9335,24,27,32,10,4
323,33.9335,22,27,31,8,6
324,32.9335,20,27,32,7,6
325,32.9335,20,27,32,7,6
326,32.9335,20,27,32,7,6
327,32.9335,22,27,31,8,6
328,32.9335,20,27,30,7,6
329,32.9335,20,27,32,7,6
330,32.9335,20,27,32,7,6
331,32.9335,20,27,31,7,6
332,32.9335,20,27,31,7,6
333,32.9335,20,26,31,7,6
334,32.9335,20,27,32,7,6
335,32.9531,22,27,32,9,4
336,32.9531,22,27,32,9,4
337,32.9727,24,27,32,9,6
338,32.9727,24,27,32,9,6
339,32.9727,24,27,32,9,6
340,32.9551,22,27,32,8,6
341,32.9649,23,27,32,9,5
342,32.9649,23,27,32,9,5
343,32.9649,22,27,31,9,4
344,32.9649,23,27,32,9,5
345,33.9355,22,27,33,9,4
346,33.9355,22,27,32,9,4
347,33.9355,22,27,33,9,4
348,33.9355,22,27,33,9,4
349,33.9355,20,27,31,7,6
350,33.9355,22,27,30,9,4
351,33.9355,22,26,30,9,4
352,33.9355,22,27,33,9,4
353,33.9355,22,27,33,8,6
354,33.9355,23,27,32,9,5
355,33.9355,20,27,32,7,6
356,33.9355,22,27,33,8,6
357,33.9355,22,27,33,8,6
358,33.9355,22,27,33,8,6
359,33.9355,21,26,32,8,5
360,33.9355,22,27,32,8,6
361,33.9355,22,27,31,8,6
362,33.9355,22,27,33,8,6
363,33.9355,21,26,32,8,5
364,33.9355,22,26,31,9,4
365,33.9355,20,27,31,7,6
366,33.9355,23,26,32,9,5
367,33.9355,22,27,33,8,6
368,33.9355,22,27,32,8,6
369,33.9355,21,26,32,8,5
370,33.9355,22,27,32,8,6
371,33.9355,22,27,33,8,6
372,33.9355,23,27,32,9,5
373,33.9355,22,27,33,8,6
374,33.9355,22,27,33,8,6
375,33.9355,22,27,33,8,6
376,33.9355,21,27,32,8,5
377,33.9355,23,27,32,9,5
378,33.9453,23,27,33,9,5
379,33.9453,23,26,31,9,5
380,33.9453,23,27,32,9,5
381,33.9453,23,27,33,9,5
382,33.9453,23,27,32,9,5
383,33.9453,23,27,32,9,5
384,33.9453,23,27,33,9,5
385,33.9453,21,27,33,8,5
386,33.9453,21,26,32,8,5
387,33.9453,23,27,33,9,5
388,33.9453,21,27,32,8,5
389,33.9453,21,27,31,8,5
390,33.9453,23,27,33,9,5
391,33.9257,21,27,33,8,5
392,33.9257,19,26,31,7,5
393,33.9257,21,27,33,8,5
394,33.9257,21,27,33,8,5
395,33.9257,21,27,32,8,5
396,33.9257,21,27,32,8,5
397,33.9257,21,27,31,8,5
398,33.9257,21,27,33,8,5
399,33.9257,21,27,31,8,5
400,33.9257,22,27,31,8,6
401,33.9257,22,27,32,8,6
402,33.9355,22,27,33,8,6
403,33.9355,22,27,33,8,6
404,33.9355,22,27,30,8,6
405,33.9257,21,27,33,8,5
406,33.9257,21,27,32,8,5
407,33.9237,21,27,33,8,5
408,33.9237,21,27,31,8,5
409,33.9237,21,27,31,8,5
410,33.9237,21,27,33,8,5
411,33.9237,21,27,31,8,5
412,33.9237,21,27,32,8,5
413,33.9237,21,27,31,8,5
414,33.9237,21,27,32,8,5
415,33.9237,21,27,33,8,5
416,33.9237,21,26,31,8,5
417,33.9237,22,27,31,8,6
418,33.9237,20,26,33,8,4
419,33.9237,22,27,32,8,6
420,33.9237,22,27,31,8,6
421,33.9237,21,26,31,8,5
422,33.9237,21,27,32,8,5
423,33.9237,21,27,32,8,5
424,33.9237,21,25,31,8,5
425,33.9237,21,27,32,8,5
426,33.9335,22,27,33,8,6
427,33.9335,22,27,33,8,6
428,33.9335,22,27,32,8,6
429,33.9335,22,27,33,8,6
430,33.9335,22,27,32,8,6
431,33.9335,22,27,31,8,6
432,33.9335,22,26,32,8,6
433,33.9335,22,27,31,8,6
434,33.9335,22,27,32,8,6
435,33.9335,22,27,31,8,6
436,33.9335,23,27,30,9,5
437,33.9335,22,27,32,8,6
438,33.9335,22,27,32,8,6
439,33.9335,22,27,33,8,6
440,33.9335,21,27,32,8,5
441,33.9335,22,27,31,8,6
442,33.9335,22,27,33,8,6
443,33.9335,20,27,30,7,6
444,33.9335,21,27,32,8,5
445,33.9335,22,27,33,8,6
446,33.9237,21,27,33,8,5
447,33.9237,21,27,33,8,5
448,33.9335,22,27,33,8,6
449,33.9237,21,27,33,8,5
450,33.9237,21,27,31,8,5
451,33.9237,21,27,32,8,5
452,33.9237,21,27,33,8,5
453,33.9237,21,27,32,8,5
454,33.9237,21,27,33,8,5
455,33.9237,21,27,31,8,5
456,33.9237,23,27,32,9,5
457,33.9257,21,27,33,8,5
458,33.9257,21,27,32,8,5
459,33.9257,21,27,33,8,5
460,33.9257,20,27,31,7,6
461,33.9257,21,27,31,8,5
462,33.9257,21,27,31,8,5
463,33.9257,21,27,31,8,5
464,33.9257,23,27,32,9,5
465,33.9257,21,27,33,8,5
466,33.9257,21,27,32,8,5
467,33.9257,20,27,32,8,4
468,33.9257,22,27,31,8,6
469,33.9257,22,27,32,8,6
470,33.9257,21,27,31,8,5
471,33.9257,20,25,32,7,6
472,33.9257,21,27,32,8,5
473,33.9355,22,27,33,8,6
474,33.9355,22,27,31,8,6
475,33.9257,21,27,33,8,5
476,33.9257,22,26,31,9,4
477,33.9257,22,27,32,8,6
478,33.9237,21,27,33,8,5
479,33.9237,21,27,31,8,5
480,33.9237,21,27,33,8,5
481,33.9237,21,27,31,8,5
482,33.9237,22,26,32,8,6
483,33.9237,21,27,32,8,5
484,33.9237,21,27,33,8,5
485,33.9237,21,27,33,8,5
486,33.9237,21,27,31,8,5
487,33.9237,21,27,33,8,5
488,33.9237,21,27,31,8,5
489,33.9237,22,27,32,8,6
490,33.9237,21,27,32,8,5
491,33.9237,21,27,31,8,5
492,33.9237,23,27,31,9,5
493,33.9237,22,27,32,8,6
494,33.9237,21,27,33,8,5
495,33.9335,22,27,33,8,6
496,33.9335,22,27,33,8,6
497,33.9335,22,27,32,8,6
498,33.9335,22,27,33,8,6
499,33.9335,20,27,32,7,6
500,33.9335,23,27,32,9,5
501,33.9335,22,27,33,8,6
502,33.9335,21,27,32,8,5
503,33.9335,22,27,32,8,6
504,33.9335,20,27,31,7,6
505,33.9335,23,26,31,9,5
506,33.9237,21,27,33,8,5
507,33.9237,23,27,31,9,5
508,33.9237,21,27,32,8,5
509,33.9237,21,26,31,8,5
510,33.9237,21,27,31,8,5
511,33.9237,21,26,32,8,5
512,33.9257,21,27,33,8,5
513,33.9257,21,27,31,8,5
514,33.9257,21,27,31,8,5
515,33.9159,21,26,33,8,5
516,33.9159,21,26,32,8,5
517,33.9159,22,27,32,8,6
518,33.9159,21,26,31,8,5
519,33.9159,21,26,31,8,5
520,33.9159,21,26,32,8,5
521,33.9159,21,26,32,8,5
522,33.9159,23,27,32,9,5
523,33.9159,21,26,32,8,5
524,33.9159,21,26,32,8,5
525,33.9159,21,26,33,8,5
526,33.9159,21,26,32,8,5
527,33.9159,21,26,33,8,5
528,33.9159,23,26,32,9,5
529,33.9159,21,26,31,8,5
530,33.9159,21,26,32,8,5
531,33.9159,22,25,31,9,4
532,33.9159,21,26,31,8,5
533,33.9159,21,26,33,8,5
534,33.9159,21,26,32,8,5
535,33.9159,21,26,33,8,5
536,33.9159,21,26,32,8,5
537,33.9159,22,25,30,9,4
538,33.9159,21,26,32,8,5
539,33.9355,23,26,33,9,5
540,33.9355,23,25,30,9,5
541,33.9355,22,27,33,8,6
542,33.9257,22,26,33,9,4
543,33.9257,22,26,32,9,4
544,33.9257,22,24,31,9,4
545,33.9257,22,26,30,8,6
546,33.9257,22,26,31,8,6
547,33.9257,20,24,31,8,4
548,33.9257,22,26,31,8,6
549,33.9257,22,26,32,9,4
550,33.9257,22,27,29,8,6
551,33.9257,22,26,31,9,4
552,33.9257,22,26,33,9,4
553,33.9257,23,26,31,9,5
554,33.9257,22,26,31,8,6
555,33.9257,22,26,33,9,4
556,33.9257,22,26,31,9,4
557,33.9257,22,26,33,8,6
558,33.9257,20,27,32,7,6
559,33.9257,22,27,32,8,6
560,33.9257,21,27,31,8,5
561,33.9257,22,26,32,8,6
562,33.9257,24,26,32,9,6
563,33.9257,22,26,32,8,6
564,33.9257,24,26,32,9,6
565,33.9257,22,26,31,8,6
566,33.9355,23,26,33,9,5
567,33.9453,23,27,33,9,5
568,33.9453,22,27,32,8,6
569,33.9453,22,26,30,8,6
570,33.9453,21,27,31,8,5
571,33.9453,23,27,32,9,5
572,33.9453,23,27,31,9,5
573,33.9453,23,27,32,9,5
574,33.9453,21,26,31,8,5
575,33.9453,24,27,31,9,6
576,33.9453,22,27,30,8,6
577,33.9453,23,27,32,9,5
578,33.9453,22,26,32,8,6
579,33.9453,23,27,33,9,5
580,33.9453,23,27,32,9,5
581,33.9453,20,27,31,7,6
582,33.9453,23,26,31,9,5
583,33.9453,23,27,33,9,5
584,33.9453,23,27,32,9,5
585,33.9453,21,27,32,8,5
586,33.9453,23,27,31,9,5
587,33.9355,22,27,33,8,6
588,33.9355,23,27,32,9,5
589,33.9453,23,27,33,9,5
590,33.9453,22,27,32,8,6
591,33.9453,22,26,31,9,4
592,33.9453,23,27,32,9,5
593,33.9453,22,26,29,8,6
594,33.9453,23,27,31,9,5
595,33.9453,23,27,32,9,5
596,33.9453,22,27,31,8,6
597,33.9453,22,27,32,8,6
598,33.9453,23,27,33,9,5
599,33.9453,21,26,31,8,5
600,33.9453,23,27,32,9,5
601,33.9453,23,27,31,9,5
602,33.9453,22,27,32,8,6
603,33.9453,23,27,31,9,5
604,33.9453,23,27,33,9,5
605,33.9453,22,27,32,9,4
606,33.9453,23,27,32,9,5
607,33.9453,22,27,32,9,4
608,33.9453,23,27,33,9,5
609,33.9453,23,26,32,9,5
610,33.9453,23,27,32,9,5
611,33.9453,23,27,32,9,5
612,33.9453,23,27,33,9,5
613,33.9355,22,27,33,8,6
614,33.9355,22,26,32,8,6
615,33.9355,22,26,31,8,6
616,33.9355,22,27,32,8,6
617,33.9355,22,27,33,8,6
618,33.9355,22,27,33,8,6
619,33.9355,22,27,32,8,6
620,33.9355,23,27,32,9,5
621,33.9355,22,27,30,8,6
622,33.9355,22,27,31,8,6
623,33.9355,22,27,33,8,6
624,33.9355,22,26,32,9,4
625,33.9355,21,27,32,8,5
626,33.9355,22,27,32,8,6
627,33.9355,21,27,31,8,5
628,33.9355,21,27,32,8,5
629,33.9355,22,26,31,8,6
630,33.9355,22,27,32,8,6
631,33.9355,22,27,33,8,6
632,33.9355,22,27,31,8,6
633,33.9355,22,27,33,8,6
634,33.9355,22,27,31,8,6
635,33.9159,21,26,33,8,5
636,33.9159,22,27,30,8,6
637,33.9159,21,27,32,8,5
638,33.9159,23,27,31,9,5
639,33.9159,22,27,32,8,6
640,33.9159,21,26,32,8,5
641,33.9159,21,26,32,8,5
642,33.9159,22,27,31,8,6
643,33.9159,21,26,33,8,5
644,33.9159,21,26,31,8,5
645,33.9159,21,26,30,8,5
646,33.9159,21,26,31,8,5
647,33.9159,22,27,32,9,4
648,33.9159,21,26,32,8,5
649,33.9159,21,26,33,8,5
650,33.9159,21,26,33,8,5
651,33.9159,21,26,32,8,5
652,33.9159,21,26,31,8,5
653,33.9159,21,26,32,8,5
654,33.9159,21,26,31,8,5
655,33.9159,20,26,31,8,4
656,33.9159,21,26,31,8,5
657,33.9159,21,26,31,8,5
658,33.9159,21,26,31,8,5
659,33.9159,21,26,31,8,5
660,33.9159,21,26,31,8,5
661,33.9159,21,26,32,8,5
662,33.9159,21,26,33,8,5
663,33.9159,21,27,32,8,5
664,33.9453,23,27,33,9,5
665,33.9453,22,27,33,9,4
666,33.9257,21,27,33,8,5
667,33.9257,21,27,31,8,5
668,33.9257,21,27,33,8,5
669,33.9257,21,27,31,8,5
670,33.9257,21,27,33,8,5
671,33.9257,21,27,32,8,5
672,33.9257,21,27,31,8,5
673,33.9257,21,27,31,8,5
674,33.9257,21,27,31,8,5
675,33.9257,21,27,33,8,5
676,33.9257,21,27,33,8,5
677,33.9257,21,27,33,8,5
678,33.9257,23,26,31,9,5
679,33.9257,21,27,32,8,5
680,33.9257,22,27,32,8,6
681,33.9257,21,27,33,8,5
682,33.9257,22,27,32,8,6
683,33.9257,21,27,32,8,5
684,33.9257,23,27,31,9,5
685,33.9355,22,27,33,9,4
686,33.9355,23,27,31,9,5
687,33.9355,22,27,33,8,6
688,33.9355,22,27,32,8,6
689,33.9061,20,26,33,8,4
690,33.8963,19,26,33,7,5
691,33.8963,19,26,32,7,5
692,33.8963,19,26,31,7,5
693,33.8963,21,26,32,8,5
694,33.8963,21,25,32,8,5
695,33.8963,19,26,33,7,5
696,33.8963,20,25,33,7,6
697,33.8963,22,27,32,8,6
698,33.8963,20,26,32,7,6
699,33.8963,20,25,32,7,6
700,33.8865,19,25,33,7,5
701,33.8865,19,25,32,7,5
702,33.8865,19,26,32,7,5
703,33.9061,21,25,33,8,5
704,33.9041,21,25,33,8,5
705,33.9041,23,27,31,9,5
706,33.9041,23,25,32,9,5
707,33.9041,23,25,32,9,5
708,33.9041,21,25,32,8,5
709,33.9041,22,27,32,8,6
710,33.9041,21,25,32,8,5
711,33.9041,23,25,32,9,5
712,33.9041,22,27,30,8,6
713,33.9041,21,25,31,8,5
714,33.9041,19,27,31,7,5
715,33.9237,23,25,33,9,5
716,33.9237,23,25,32,9,5
717,33.9237,21,25,31,8,5
718,33.9237,23,25,33,9,5
719,33.9237,23,25,32,9,5
720,33.9335,23,26,33,9,5
721,33.9335,22,26,31,9,4
722,33.9335,23,27,31,9,5
723,33.9335,23,26,32,9,5
724,33.9335,23,26,32,9,5
725,33.9335,21,26,31,8,5
726,33.9139,21,26,33,8,5
727,33.9139,21,27,31,8,5
728,33.9139,21,25,32,8,5
729,33.9041,20,26,33,8,4
730,33.9041,22,26,31,9,4
731,33.9041,20,26,33,8,4
732,33.9041,20,26,33,8,4
733,33.9041,20,27,32,8,4
734,33.9041,20,26,32,8,4
735,33.9041,24,26,31,9,6
736,33.9041,20,27,32,8,4
737,33.9041,20,27,31,8,4
738,33.9041,20,26,32,8,4
739,33.9041,21,26,32,8,5
740,33.9041,20,26,33,8,4
741,33.9041,23,26,32,9,5
742,33.9041,22,27,31,9,4
743,33.9139,20,27,33,8,4
744,33.9139,20,27,31,8,4
745,33.9139,20,27,33,8,4
746,33.9139,22,27,32,9,4
747,33.9139,21,27,31,8,5
748,33.9335,22,27,33,9,4
749,33.9237,21,27,33,8,5
750,33.9237,22,27,32,9,4
751,33.9237,21,27,33,8,5
752,33.9433,23,27,33,9,5
753,33.9433,23,27,31,9,5
754,33.9433,22,27,32,8,6
755,33.9433,23,27,32,9,5
756,33.9433,23,27,33,9,5
757,33.9335,22,27,33,9,4
758,33.9335,23,27,31,9,5
759,33.9335,22,27,32,9,4
760,33.9335,22,27,33,9,4
761,33.9335,22,27,30,9,4
762,33.9335,22,27,31,9,4
763,33.9335,22,27,33,9,4
764,33.9335,21,27,32,8,5
765,33.9335,22,27,33,9,4
766,33.9335,23,27,32,9,5
767,33.9335,22,27,31,9,4
768,33.9335,20,27,31,8,4
769,33.9335,22,26,31,9,4
770,33.9335,22,27,33,9,4
771,33.9335,23,27,32,9,5
772,33.9335,22,26,31,9,4
773,33.9335,22,27,33,9,4
774,33.9335,22,27,32,9,4
775,33.9335,22,27,33,9,4
776,33.9335,21,27,31,8,5
777,33.9335,22,27,32,9,4
778,33.9335,22,27,33,8,6
779,33.9335,22,27,32,8,6
780,33.9335,24,27,31,9,6
781,33.9335,22,27,33,8,6
782,33.9335,22,27,33,8,6
783,33.9335,21,27,32,8,5
784,33.9335,22,27,33,8,6
785,33.9335,22,26,30,8,6
786,33.9335,22,27,32,8,6
787,33.9335,23,27,32,9,5
788,33.9335,22,27,31,8,6
789,33.9335,21,26,30,8,5
790,33.9335,22,27,33,8,6
791,33.9335,22,27,32,8,6
792,33.9335,22,27,31,8,6
793,33.9335,23,25,32,9,5
794,33.9433,23,27,33,9,5
795,33.9433,23,26,30,9,5
796,33.9433,23,27,33,9,5
797,33.9335,22,27,33,8,6
798,33.9335,22,27,33,8,6
799,33.9335,22,27,31,8,6
800,33.9335,22,27,31,8,6
801,33.9335,22,27,31,9,4
802,33.9335,20,27,32,7,6
803,33.9335,22,27,33,8,6
804,33.9335,22,27,31,8,6
805,33.9335,22,27,31,8,6
806,33.9335,21,27,32,8,5
807,33.9335,22,27,33,8,6
808,33.9355,22,27,33,8,6
809,33.9355,22,27,31,8,6
810,33.9355,23,27,32,9,5
811,33.9355,21,27,31,8,5
812,33.9453,23,27,33,9,5
813,33.9453,21,27,33,8,5
814,33.9453,21,27,31,8,5
815,33.9257,21,27,33,8,5
816,33.9257,23,27,32,9,5
817,33.9257,23,27,32,9,5
818,33.9257,21,27,31,8,5
819,33.9257,21,26,31,8,5
820,33.9257,21,26,31,8,5
821,33.9257,21,27,32,8,5
822,33.9257,20,27,31,8,4
823,33.9257,21,27,32,8,5
824,33.9257,21,27,31,8,5
825,33.9257,22,27,32,9,4
826,33.9257,21,27,31,8,5
827,33.9257,21,27,32,8,5
828,33.9355,22,27,33,8,6
829,33.9355,22,26,30,8,6
830,33.9355,22,27,33,8,6
831,33.9355,22,27,32,8,6
832,33.9355,22,27,33,8,6
833,33.9355,22,27,32,8,6
834,33.9335,22,27,33,8,6
835,33.9335,22,27,31,8,6
836,33.9355,22,27,33,8,6
837,33.9257,21,27,33,8,5
838,33.9257,21,27,33,8,5
839,33.9257,22,27,32,8,6
840,33.9257,21,27,33,9,3
841,33.9257,23,27,31,10,3
842,33.9453,23,27,33,10,3
843,33.9453,22,27,32,8,6
844,33.9159,21,26,33,9,3
845,33.9355,22,27,33,8,6
846,33.9355,22,27,31,8,6
847,33.9355,22,27,32,8,6
848,33.9355,22,27,32,8,6
849,33.9355,22,27,32,8,6
850,33.9355,22,27,31,8,6
851,33.9355,23,26,33,9,5
852,33.9355,23,26,31,9,5
853,33.9355,22,27,33,9,4
854,33.9355,22,27,30,8,6
855,33.9453,23,27,33,10,3
856,33.9453,23,27,32,9,5
857,33.9453,23,27,33,9,5
858,33.9453,23,27,32,9,5
859,33.9453,23,26,30,9,5
860,33.9257,21,27,33,8,5
861,33.9257,21,26,31,8,5
862,33.9257,19,25,30,7,5
863,33.9257,21,27,33,8,5
864,33.9257,21,27,31,8,5
865,33.9257,21,27,32,8,5
866,33.9257,22,27,32,8,6
867,33.9257,21,27,33,8,5
868,33.9257,21,27,33,8,5
869,33.9257,21,26,31,8,5
870,33.9257,21,27,32,8,5
871,33.9257,21,27,32,8,5
872,33.9257,21,27,32,8,5
873,33.9257,21,27,33,8,5
874,33.9257,21,27,32,8,5
875,33.9257,22,27,32,9,4
876,33.9355,22,27,33,8,6
877,33.9355,22,27,33,8,6
878,33.9257,21,27,33,8,5
879,33.9257,21,27,31,8,5
880,33.9257,21,27,31,8,5
881,33.9257,21,27,31,8,5
882,33.9453,23,27,33,9,5
883,33.9453,23,27,32,9,5
884,33.9453,22,27,30,8,6
885,33.9453,22,27,32,9,4
886,33.9551,24,27,33,9,6
887,33.9551,22,27,32,8,6
888,33.9551,22,26,31,8,6
889,33.9551,22,27,31,8,6
890,33.9551,24,27,33,9,6
891,33.9257,22,26,33,8,6
892,33.9257,22,26,32,8,6
893,33.9257,22,26,32,8,6
894,33.9257,19,27,32,7,5
895,33.9257,22,26,31,8,6
896,33.9257,20,27,32,7,6
897,33.9257,22,24,32,9,4
898,33.9257,21,27,32,8,5
899,33.9257,24,26,32,9,6
900,33.9257,21,26,32,8,5
901,33.9257,22,26,33,8,6
902,33.9257,22,26,31,8,6
903,33.9257,22,27,31,8,6
904,33.9257,22,27,32,8,6
905,33.9257,22,26,33,8,6
906,33.9257,21,26,32,8,5
907,33.9061,20,26,33,7,6
908,33.9061,20,26,32,7,6
909,33.9061,20,27,32,7,6
910,33.9061,20,26,32,7,6
911,33.9061,20,26,33,7,6
912,33.9257,22,26,33,9,4
913,33.9257,22,26,30,9,4
914,33.9257,22,26,32,9,4
915,33.9257,22,26,31,9,4
916,33.9257,20,26,32,7,6
917,33.9335,22,27,33,8,6
918,33.9335,22,27,32,8,6
919,33.9335,22,27,32,8,6
920,33.9335,22,27,31,8,6
921,33.9335,22,27,33,9,4
922,33.9335,22,27,32,9,4
923,33.9335,20,27,31,8,4
924,33.9335,23,27,32,9,5
925,33.9335,23,27,32,9,5
926,33.9335,22,27,31,9,4
927,33.9335,22,27,33,9,4
928,33.9335,22,27,32,9,4
929,33.9335,22,27,32,9,4
930,33.9433,23,27,33,9,5
931,33.9433,22,27,32,8,6
932,33.9433,23,26,32,9,5
933,33.9335,22,27,33,8,6
934,33.9335,22,27,32,8,6
935,33.9335,23,27,32,9,5
936,33.9433,23,27,33,9,5
937,33.9433,22,27,32,8,6
938,33.9433,23,27,31,9,5
939,33.9433,23,27,32,9,5
940,33.9433,23,25,32,9,5
941,33.9433,23,27,30,9,5
942,33.9433,23,27,30,9,5
943,33.9433,22,27,32,8,6
944,33.9433,23,27,33,9,5
945,33.9433,21,27,31,8,5
946,33.9433,21,27,31,8,5
947,33.9433,20,27,31,7,6
948,33.9335,22,27,33,8,6
949,33.9237,21,27,33,8,5
950,33.9237,22,27,31,8,6
951,33.9433,23,27,33,9,5
952,33.9433,21,27,31,8,5
953,33.9433,22,27,31,9,4
954,33.9433,23,27,33,9,5
955,33.9355,22,27,33,8,6
956,33.9355,22,27,31,8,6
957,33.9257,21,27,33,8,5
958,33.9257,21,27,32,8,5
959,33.9257,21,27,33,8,5
960,33.9257,23,27,31,9,5
961,33.9257,21,27,33,8,5
962,33.9257,21,27,33,8,5
963,33.9257,22,27,32,8,6
964,33.9159,20,27,33,8,4
965,33.9453,23,27,33,9,5
966,33.9453,23,27,33,9,5
967,33.9453,23,27,31,9,5
968,33.9453,23,25,33,9,5
969,33.9355,22,27,33,9,4
970,33.9355,23,27,29,9,5
971,33.9355,23,27,32,9,5
972,33.9355,22,27,32,9,4
973,33.9355,22,27,31,8,6
974,33.9355,22,27,31,9,4
975,33.9355,22,27,32,9,4
976,33.9355,22,27,32,9,4
977,33.9355,23,27,32,9,5
978,33.9355,22,27,31,9,4
979,33.9355,22,27,32,9,4
980,33.9355,22,27,33,9,4
981,33.9355,21,27,32,8,5
982,33.9355,21,27,30,8,5
983,33.9355,22,27,31,9,4
984,33.9355,22,27,31,9,4
985,33.9355,22,27,30,9,4
986,33.9159,20,27,33,8,4
987,33.9159,20,27,31,8,4
988,33.9159,20,27,33,8,4
989,33.9453,23,27,33,9,5
990,33.9453,23,27,32,9,5
991,33.9453,22,27,32,9,4
992,33.9453,23,27,31,9,5
993,33.9453,23,27,33,10,3
994,33.9453,22,27,31,9,4
995,33.9453,23,27,32,9,5
996,33.9453,22,27,32,8,6
997,33.9453,23,27,31,9,5
998,33.9453,23,27,31,10,3
999,33.9453,22,26,32,8,6
1000,33.9453,22,26,32,8,6
