Iteration, weekend objf, stand in cost, shift avail cost, day avail cost, aver_stand_in, aver_shift, aver_day. 
0,23.9736,22,25,32
1,22.2214,20,26,30
2,22.2214,20,25,30
3,23.9714,22,26,31
4,23.8901,22,26,30
5,23.8901,21,26,30
6,23.8881,22,26,30
7,24.1401,22,27,32
8,24.1401,22,27,32
9,24.0567,22,26,32
10,23.8903,22,26,30
11,23.807,22,26,29
12,23.807,22,26,29
13,23.807,20,26,29
14,23.807,22,26,29
15,23.4717,22,24,27
16,23.555,22,25,27
17,23.5548,22,25,27
18,23.7214,22,26,28
19,23.7214,22,26,28
20,23.8901,22,26,30
21,23.8901,22,26,30
22,23.8901,22,26,30
23,23.8881,22,26,30
24,24.8048,23,27,30
25,24.8048,23,27,30
26,24.9714,23,27,32
27,24.8067,23,27,30
28,24.8067,23,27,29
29,24.8067,23,27,30
30,24.8067,21,27,30
31,24.8067,23,27,30
32,24.8067,23,27,30
33,24.8901,23,27,31
34,24.8901,23,27,31
35,24.0567,22,27,31
36,24.0567,22,27,31
37,24.0567,22,27,31
38,24.142,22,27,32
39,24.142,22,27,32
40,24.0587,22,27,31
41,24.0587,22,27,31
42,25.0587,23,27,33
43,24.9734,23,27,32
44,24.9734,23,27,32
45,24.9734,23,27,31
46,24.9734,23,27,32
47,24.9734,20,26,30
48,24.8901,23,27,31
49,24.8901,23,27,31
50,24.8067,23,27,30
51,24.8067,23,27,30
52,24.8067,23,27,30
53,25.6401,24,27,30
54,24.8901,23,27,31
55,24.8881,23,27,31
56,24.8881,23,27,31
57,24.8881,23,27,31
58,24.8881,23,27,31
59,24.8884,23,26,32
60,24.8884,23,26,32
61,24.8884,23,26,32
62,24.9717,23,27,32
63,24.9717,23,27,32
64,24.9717,23,27,32
65,24.7217,23,25,31
66,24.7217,23,25,31
67,24.7217,23,25,31
68,24.7217,23,25,31
69,24.7217,23,25,31
70,24.5548,23,25,29
71,24.5548,23,25,29
72,24.5548,23,25,29
73,24.5548,23,25,29
74,24.5548,23,25,29
75,23.8067,22,26,29
76,23.8067,21,27,30
77,23.8067,22,26,29
78,22.8901,21,25,29
79,23.0587,21,25,31
80,23.0587,21,25,31
81,23.0587,21,25,31
82,23.0587,21,25,31
83,23.0587,21,25,31
84,23.142,21,26,31
85,23.142,19,26,31
86,23.2234,21,27,31
87,24.8901,23,27,31
88,24.8901,23,27,31
89,24.8901,21,27,31
90,24.8901,23,27,31
91,24.8901,23,27,31
92,24.057,22,26,32
93,24.1403,22,27,32
94,24.057,22,26,32
95,25.807,24,27,32
96,25.807,24,27,32
97,24.9714,23,27,32
98,24.9697,23,27,32
99,24.9697,23,27,32
100,24.8031,23,27,30
101,24.8031,22,26,28
102,24.8031,23,27,30
103,24.8031,23,27,30
104,24.8031,23,27,30
105,24.8031,21,27,30
106,24.8048,23,27,30
107,24.8048,23,27,30
108,25.4697,24,26,29
109,25.6364,24,26,31
110,25.6364,20,25,29
111,25.6364,22,27,31
112,25.6364,23,27,31
113,25.5531,24,26,30
114,24.805,23,26,31
115,24.805,23,26,31
116,24.805,23,26,31
117,24.805,23,26,31
118,24.805,23,26,31
119,24.805,23,26,31
120,24.805,23,26,31
121,24.805,23,26,31
122,24.805,23,25,30
123,25.6384,24,26,31
124,25.6384,22,27,31
125,25.6384,22,26,31
126,24.805,23,26,31
127,24.805,23,26,31
128,24.805,23,26,31
129,24.8031,23,26,31
130,24.8031,22,27,31
131,24.6364,23,26,29
132,24.8031,23,26,31
133,24.8031,22,26,31
134,24.8031,23,26,31
135,24.7197,23,26,30
136,24.7197,20,26,31
137,24.7197,23,26,30
138,25.0567,23,27,33
139,25.0567,23,27,33
140,25.0567,23,27,31
141,25.0567,22,25,30
142,24.8901,23,27,31
143,24.8901,23,27,31
144,24.057,22,27,31
145,23.8884,22,27,29
146,24.057,22,27,31
147,24.057,22,27,31
148,24.057,22,27,31
149,23.8903,22,27,29
150,24.7236,23,27,29
151,24.7236,21,26,31
152,24.7236,21,27,31
153,24.7236,22,27,29
154,24.7236,23,27,29
155,24.7236,21,27,29
156,24.7236,23,27,29
157,24.7236,23,27,29
158,24.7236,23,27,29
159,24.9714,23,27,32
160,24.8884,23,27,31
161,24.9717,23,27,32
162,24.9717,21,27,31
163,24.9717,21,24,32
164,24.9717,23,27,32
165,24.9717,23,27,32
166,24.9717,23,27,32
167,24.9717,23,27,32
168,24.9717,23,27,32
169,24.9717,23,27,32
170,24.9717,23,27,32
171,24.9717,22,26,32
172,24.9717,23,27,32
173,24.9717,23,27,32
174,24.9736,23,27,32
175,24.9736,23,27,32
176,24.9736,19,27,31
177,24.9736,23,27,32
178,24.9736,22,27,31
179,24.9736,22,27,31
180,24.9736,23,27,32
181,24.9736,23,27,32
182,24.9736,22,24,29
183,24.9736,23,27,32
184,24.8903,23,27,31
185,24.8903,23,27,31
186,24.8903,23,27,31
187,24.8903,23,27,31
188,25.6384,24,27,30
189,25.6384,24,27,30
190,25.6384,24,27,30
191,25.6384,24,27,30
192,25.6384,22,27,30
193,25.6384,24,27,30
194,25.6384,23,27,30
195,25.6384,23,27,30
196,25.6384,19,27,30
197,25.4717,24,26,29
198,25.4717,22,27,32
199,25.4717,23,27,31
200,25.4717,20,27,29
201,25.4717,24,26,29
202,25.4717,24,26,29
203,25.4717,23,26,29
204,25.4717,24,26,29
205,25.4717,24,26,29
206,25.5548,24,27,29
207,23.1437,21,25,32
208,23.1423,21,25,32
209,24.6403,23,25,30
210,24.6403,21,27,32
211,24.7236,23,25,31
212,24.7236,22,24,31
213,24.7236,22,25,31
214,24.7236,23,25,31
215,24.807,23,26,31
216,24.8089,23,26,31
217,24.892,23,26,32
218,24.8901,23,26,32
219,24.8901,23,26,32
220,24.8067,23,25,32
221,24.7234,23,25,31
222,24.7234,23,25,30
223,24.7234,23,25,31
224,24.7236,23,25,31
225,24.807,23,26,31
226,23.8903,22,26,30
227,23.8903,21,26,32
228,24.057,22,27,31
229,24.057,22,27,31
230,24.0589,22,27,31
231,24.0589,22,27,31
232,24.0589,22,27,31
233,24.0589,22,27,31
234,24.0604,22,27,31
235,24.0604,22,27,31
236,23.8937,22,25,31
237,23.8937,22,25,31
238,24.142,22,26,33
239,24.0587,22,26,32
240,24.0587,21,26,31
241,24.142,22,27,32
242,24.142,22,27,32
243,24.142,22,27,32
244,24.142,21,27,32
245,24.142,22,27,32
246,24.142,22,27,32
247,23.9754,22,27,30
248,24.8067,23,27,30
249,24.8067,23,27,30
250,24.8067,22,27,30
251,24.8901,23,27,31
252,25.0567,23,27,33
253,25.0567,23,27,33
254,24.8901,23,27,31
255,24.8067,23,27,30
256,24.8067,23,27,30
257,24.8067,23,27,30
258,24.892,23,26,32
259,24.892,22,27,32
260,24.892,21,26,31
261,24.9754,23,27,32
262,24.9754,23,27,32
263,24.9754,23,27,32
264,24.9754,23,27,32
265,24.142,22,27,32
266,24.142,22,27,32
267,24.2254,22,27,33
268,24.2254,22,27,33
269,24.2254,22,27,33
270,25.6401,24,27,30
271,25.8067,24,27,32
272,25.8067,23,27,32
273,25.8067,22,27,32
274,25.8067,24,27,30
275,25.8067,23,27,32
276,25.8067,22,27,31
277,25.8067,22,27,31
278,25.7234,24,27,31
279,25.7234,22,27,31
280,25.7234,24,27,31
281,25.7234,24,27,31
282,25.7234,24,27,31
283,25.7234,23,27,32
284,25.7234,23,27,32
285,25.7234,22,27,31
286,25.7234,24,27,31
287,25.7234,24,27,31
288,25.7234,22,27,29
289,25.7234,20,27,30
290,25.7234,24,27,31
291,24.8884,23,27,31
292,24.8884,22,26,31
293,24.6384,23,26,29
294,24.9754,23,27,32
295,24.9754,20,27,32
296,25.8087,24,27,32
297,25.8087,22,27,32
298,25.8087,24,27,32
299,24.9754,23,27,32
300,24.9754,23,27,32
301,24.9754,23,27,32
302,24.9754,22,27,31
303,24.9754,23,27,32
304,24.9754,23,27,32
305,24.9754,23,27,32
306,24.892,23,27,31
307,24.892,21,26,31
308,24.892,23,26,29
309,24.892,23,27,31
310,24.892,23,27,31
311,24.892,23,27,31
312,24.9754,23,27,32
313,25.892,24,27,33
314,25.892,24,27,33
315,25.892,23,27,32
316,25.7234,24,27,31
317,25.7214,24,27,31
318,25.7214,23,27,32
319,25.7214,24,27,31
320,25.7214,24,27,31
321,25.7214,24,27,31
322,25.7214,22,27,30
323,25.7214,24,27,31
324,25.7214,22,27,30
325,25.7214,23,27,31
326,25.7214,22,27,30
327,25.7214,22,26,31
328,25.8067,24,27,32
329,25.8067,24,27,32
330,25.8067,22,26,32
331,25.8067,23,27,30
332,25.8084,24,27,32
333,25.8084,24,27,32
334,25.8084,24,27,32
335,25.8084,24,27,32
336,25.8084,24,27,32
337,25.8918,24,27,33
338,25.8918,24,27,33
339,25.8918,19,25,29
340,25.8918,23,24,29
341,25.8084,24,27,32
342,25.8084,22,27,32
343,25.8067,24,27,32
344,25.8067,23,27,32
345,25.8067,22,27,32
346,25.8067,22,27,32
347,25.805,24,27,32
348,25.805,22,27,31
349,24.8884,23,27,31
350,24.9717,23,27,32
351,24.9736,23,27,32
352,24.9736,23,27,32
353,24.9736,23,27,32
354,24.805,23,25,32
355,24.6384,23,25,30
356,24.6384,23,25,30
357,24.7217,23,25,31
358,24.805,23,25,32
359,24.805,23,25,32
360,24.805,23,25,32
361,24.805,21,25,32
362,24.805,23,25,32
363,24.805,23,25,32
364,24.7217,23,25,31
365,24.7217,22,27,32
366,24.7217,22,26,31
367,24.7217,23,25,31
368,24.8903,23,27,31
369,24.8903,22,27,31
370,24.8903,23,27,31
371,24.8903,23,27,31
372,24.8903,23,27,31
373,24.8903,21,27,33
374,24.8903,23,27,31
375,24.8884,23,27,31
376,24.8884,23,27,31
377,24.8884,23,27,31
378,24.805,23,27,30
379,24.8884,23,27,31
380,24.8901,23,27,31
381,25.8067,24,27,32
382,25.8067,24,27,32
383,25.8067,22,27,32
384,25.8067,22,27,31
385,25.8067,24,27,32
386,25.8067,21,25,31
387,25.8067,23,27,32
388,25.8067,24,27,32
389,25.8067,23,27,32
390,25.8067,24,27,32
391,25.8067,23,27,33
392,25.8067,22,27,32
393,25.8067,20,27,30
394,25.8067,22,27,32
395,25.8067,24,27,32
396,25.8067,22,27,32
397,25.8067,24,27,32
398,25.8067,24,27,32
399,25.8067,24,27,32
400,25.7234,24,27,31
401,25.7234,22,27,31
402,24.8901,23,27,31
403,24.8901,23,27,31
404,24.8901,21,27,31
405,24.9734,23,27,32
406,24.9734,23,27,32
407,24.9734,23,27,32
408,24.9734,22,27,31
409,24.9734,22,27,30
410,24.9734,23,27,32
411,24.9734,23,27,32
412,24.9734,22,27,31
413,24.9734,23,27,32
414,24.9734,22,27,30
415,24.9734,21,27,31
416,24.9714,23,27,32
417,24.9714,22,27,32
418,24.9714,23,27,32
419,24.9734,23,27,32
420,24.9734,17,27,32
421,24.8901,23,27,31
422,24.8901,20,26,31
423,24.9734,23,27,32
424,24.8901,23,27,31
425,24.8903,23,26,32
426,24.8903,22,26,32
427,24.805,23,26,31
428,24.805,23,26,31
429,24.805,21,27,31
430,24.805,23,26,31
431,24.805,23,26,31
432,24.805,23,26,31
433,24.6384,23,25,30
434,24.6384,22,26,28
435,24.5548,23,26,28
436,24.5548,23,26,28
437,24.8048,23,27,30
438,24.8048,21,27,32
439,24.7214,23,26,30
440,24.7214,23,26,30
441,24.7214,23,26,30
442,24.8048,23,26,31
443,24.8881,23,27,31
444,24.8884,23,27,31
445,24.8884,23,27,31
446,24.8031,23,26,31
447,24.8031,23,26,31
448,24.8031,23,26,31
449,24.8031,23,26,31
450,24.8031,23,26,31
451,24.8031,23,26,31
452,24.8031,23,26,31
453,24.9734,23,27,32
454,24.9734,23,27,30
455,24.9734,23,27,32
456,24.2254,22,27,33
457,24.2254,21,27,33
458,24.2234,22,27,33
459,24.2234,20,27,33
460,24.2234,22,27,33
461,24.2234,22,27,33
462,24.0548,22,27,31
463,24.8881,23,27,31
464,24.8881,21,27,30
465,24.8881,23,27,31
466,24.8881,21,26,30
467,24.8881,23,27,31
468,24.9714,23,27,32
469,24.9714,23,27,32
470,24.9714,23,27,32
471,24.9714,23,27,32
472,24.9714,23,27,30
473,24.9734,23,27,32
474,24.8901,23,27,31
475,24.8067,23,27,30
476,24.6401,23,25,30
477,24.6401,23,25,30
478,24.6401,23,25,30
479,24.6401,23,25,30
480,24.6401,22,25,29
481,24.6401,23,25,30
482,24.8067,23,26,31
483,24.8067,23,26,31
484,24.8067,23,25,30
485,24.8067,23,26,31
486,24.8067,22,27,30
487,24.8067,22,26,31
488,24.4734,23,24,29
489,24.805,23,27,30
490,24.8884,23,27,31
491,24.8884,23,27,31
492,24.8884,23,27,30
493,24.8884,20,27,31
494,24.8884,23,24,29
495,24.8884,22,27,32
496,24.8884,23,27,31
497,24.8884,22,27,31
498,24.8884,23,27,31
499,24.8884,22,27,32
500,24.8884,23,27,31
501,24.8884,23,26,31
502,24.8884,23,27,31
503,24.9734,23,27,32
504,24.8084,23,27,30
505,24.8084,23,27,30
506,24.8104,23,27,30
507,24.8104,23,27,30
508,24.8104,23,27,30
509,24.8104,22,27,29
510,24.8937,23,27,31
511,24.8937,21,24,31
512,24.892,23,27,31
513,24.892,23,27,31
514,24.892,23,27,31
515,24.892,23,27,31
516,24.892,22,27,31
517,24.892,23,27,31
518,24.892,23,27,31
519,24.892,21,27,31
520,24.892,22,26,32
521,24.892,23,27,31
522,24.892,22,27,31
523,24.892,23,27,31
524,24.8903,23,27,31
525,24.9736,23,27,32
526,24.9736,23,27,32
527,24.9736,21,27,32
528,24.9736,23,27,32
529,24.9736,22,27,32
530,24.9736,22,26,32
531,24.9736,23,27,32
532,24.9736,23,25,30
533,24.9736,23,26,31
534,24.9736,23,26,30
535,24.9736,23,27,32
536,24.9736,21,25,28
537,24.9736,23,27,32
538,24.9736,23,27,31
539,24.9736,20,26,31
540,24.9736,23,27,32
541,24.9736,23,27,32
542,24.9736,21,25,27
543,24.8884,23,27,31
544,24.8884,23,27,31
545,24.8884,23,27,31
546,24.8903,23,27,31
547,24.8903,23,27,31
548,24.8903,21,25,31
549,23.8864,22,25,31
550,23.8864,20,25,31
551,23.8864,22,25,31
552,23.8864,22,25,31
553,23.8864,22,25,31
554,23.8864,22,25,31
555,24.0531,22,27,31
556,24.055,22,27,31
557,23.9717,22,26,31
558,23.9717,22,26,31
559,23.9717,22,26,31
560,23.9717,21,26,31
561,23.9717,21,26,29
562,23.9717,22,26,31
563,23.9717,22,26,31
564,23.9734,22,26,31
565,23.9754,22,26,31
566,23.9754,22,26,31
567,24.807,23,26,31
568,24.807,22,26,31
569,24.8923,23,27,31
570,24.8903,23,27,31
571,24.8903,23,27,31
572,24.8903,22,26,29
573,24.8903,23,27,31
574,24.8903,23,27,31
575,24.8903,23,27,31
576,24.8903,23,27,31
577,25.0589,23,27,33
578,24.9756,23,27,32
579,24.9756,23,27,32
580,24.9756,23,27,32
581,24.9756,23,27,32
582,24.9756,23,27,32
583,24.9756,23,27,32
584,24.9756,23,27,32
585,24.8923,23,27,31
586,24.8901,23,27,31
587,24.8901,23,25,29
588,24.8901,23,27,31
589,24.8901,23,27,31
590,24.8901,21,27,31
591,24.8901,21,26,30
592,24.8901,21,27,31
593,24.8901,23,27,31
594,24.8901,23,27,31
595,24.9734,23,27,32
596,24.9734,23,27,32
597,24.9734,21,27,32
598,24.9734,21,27,31
599,24.9734,23,27,29
600,24.9734,22,27,32
601,24.9717,23,27,32
602,24.9717,23,27,32
603,24.8864,23,27,31
604,24.8864,22,27,31
605,24.8864,23,27,31
606,24.8864,23,27,31
607,24.0531,22,27,31
608,24.0531,22,27,31
609,24.8881,23,27,31
610,24.8048,23,27,30
611,24.8048,23,27,30
612,24.8048,22,27,30
613,24.8048,21,26,31
614,24.8048,23,27,30
615,24.8881,23,27,31
616,24.8881,23,27,31
617,24.8881,23,26,32
618,24.8881,23,26,32
619,24.8881,23,26,32
620,24.8861,23,27,31
621,24.8861,23,27,31
622,24.8881,23,27,31
623,24.8881,23,27,31
624,24.8901,23,27,31
625,24.8901,23,27,31
626,24.8901,23,27,31
627,24.9734,23,27,32
628,24.8901,23,27,31
629,24.8901,22,27,31
630,24.8901,22,27,31
631,24.8901,23,27,31
632,24.8901,23,27,31
633,24.5548,23,25,29
634,24.8881,23,27,31
635,24.8881,22,26,31
636,24.9714,23,27,32
637,24.9714,21,27,32
638,24.8881,23,27,31
639,24.8881,23,25,29
640,24.8881,19,27,31
641,24.8881,23,27,31
642,24.8881,23,27,31
643,24.8881,21,27,31
644,24.9714,23,27,32
645,24.9714,23,27,32
646,24.9714,23,27,31
647,24.9714,23,27,32
648,24.9714,23,27,32
649,24.9714,23,27,32
650,24.9714,23,27,32
651,24.8881,23,27,31
652,24.8881,23,27,31
653,24.8881,21,26,31
654,24.8881,23,26,28
655,24.8881,23,27,31
656,24.9714,23,27,32
657,24.9714,23,27,32
658,25.8048,24,27,32
659,25.8048,23,27,32
660,25.8048,24,27,32
661,25.8048,22,27,32
662,25.8881,24,27,33
663,25.8881,22,27,31
664,25.8881,23,25,32
665,25.8881,23,27,33
666,25.805,24,27,32
667,25.805,24,27,32
668,25.805,22,27,32
669,25.805,22,27,32
670,25.805,23,27,32
671,25.805,24,27,32
672,25.805,24,27,32
673,25.805,22,27,32
674,25.807,24,27,32
675,25.807,23,27,32
676,25.807,24,27,32
677,25.807,23,27,32
678,25.807,22,27,31
679,25.807,22,27,32
680,25.807,22,27,32
681,25.807,23,27,32
682,25.807,21,27,31
683,25.807,24,27,32
684,25.057,23,27,33
685,25.057,23,27,33
686,25.057,22,26,32
687,25.8923,24,27,33
688,25.8923,24,27,33
689,25.9756,24,27,34
690,25.9756,23,27,32
691,25.9756,23,27,34
692,25.8087,24,27,32
693,25.8087,23,27,33
694,25.8087,24,27,32
695,25.8087,24,26,30
696,25.8087,22,27,32
697,25.8087,24,27,31
698,25.8087,23,27,33
699,25.8087,23,27,31
700,25.8087,23,27,31
701,25.8087,23,25,30
702,25.8087,23,27,33
703,25.8087,23,26,32
704,25.8087,23,27,32
705,25.8087,24,27,32
706,25.8087,24,27,32
707,25.7251,24,27,31
708,25.7251,20,27,31
709,25.7251,22,27,31
710,25.7251,22,26,30
711,25.7251,22,27,29
712,25.7251,22,27,31
713,25.7251,24,27,31
714,25.7251,24,27,31
715,25.7251,23,27,31
716,25.7251,24,27,31
717,25.7251,22,27,31
718,25.7251,23,27,31
719,25.7251,23,27,31
720,25.7251,22,27,30
721,25.7251,23,27,31
722,25.8104,24,27,32
723,25.8104,24,27,32
724,25.8104,22,27,31
725,25.8104,22,27,32
726,25.8104,23,27,32
727,25.8104,24,27,32
728,25.8104,23,27,32
729,25.8104,24,27,32
730,25.8104,24,27,31
731,25.8104,24,27,32
732,25.8104,23,27,32
733,25.8104,22,27,32
734,25.8104,21,27,31
735,25.8104,22,27,33
736,25.7251,24,27,31
737,25.7251,23,26,30
738,25.7251,22,26,30
739,25.7251,24,27,31
740,25.7251,24,27,31
741,25.7251,24,27,31
742,25.7251,22,27,30
743,25.7251,24,27,31
744,25.7251,22,27,31
745,25.7251,23,27,30
746,25.7251,24,27,31
747,25.7251,24,27,31
748,25.7251,24,27,31
749,25.7251,23,26,31
750,25.7271,24,27,31
751,25.7271,24,27,31
752,25.7271,22,27,31
753,25.7271,23,27,31
754,25.7271,23,27,31
755,25.7271,22,27,31
756,25.7271,23,27,31
757,25.7271,22,27,30
758,25.7271,23,27,31
759,25.7271,23,27,31
760,25.7271,24,27,31
761,25.7271,23,27,30
762,25.7271,20,27,30
763,25.7271,21,27,29
764,25.6437,24,27,30
765,25.6437,23,27,30
766,25.6437,24,27,30
767,25.6437,24,27,30
768,25.5604,24,27,29
769,25.5604,24,27,29
770,25.5604,22,27,29
771,25.5604,23,26,31
772,25.5604,24,27,29
773,25.5584,24,27,29
774,25.5584,24,27,29
775,25.5584,22,27,31
776,25.7231,24,27,31
777,25.7231,22,27,30
778,25.7231,22,27,31
779,25.6398,24,27,30
780,25.6398,23,27,30
781,25.6398,22,27,30
782,25.6398,23,27,30
783,25.6398,22,27,31
784,25.5565,24,27,29
785,25.6381,24,27,30
786,25.6381,22,27,30
787,25.6381,22,26,30
788,25.6381,24,27,30
789,25.6381,24,27,30
790,25.8065,24,27,32
791,25.7251,24,27,31
792,25.7251,23,27,32
793,25.7251,24,26,31
794,25.7251,22,27,31
795,25.7251,22,26,28
796,25.7251,22,27,33
797,25.7251,24,27,31
798,25.6398,24,27,30
799,25.6398,23,27,29
800,25.6398,22,26,32
801,25.6398,23,27,30
802,25.6398,24,27,30
803,25.6398,23,27,30
804,25.6398,22,26,30
805,25.6398,22,27,29
806,25.6398,24,27,30
807,25.6398,23,27,29
808,25.6398,23,27,31
809,25.6398,22,27,30
810,25.6398,22,27,30
811,25.6398,22,27,30
812,25.6398,22,25,28
813,25.6398,24,26,30
814,25.6398,24,27,30
815,25.6398,24,27,30
816,25.6398,23,27,30
817,25.6398,23,27,30
818,25.6379,24,27,30
819,25.6379,19,26,31
820,25.6379,23,27,31
821,25.6379,22,26,30
822,25.6379,24,27,30
823,25.6379,23,27,30
824,25.6379,22,27,33
825,25.6379,24,27,30
826,25.6379,23,27,31
827,25.3879,24,26,28
828,25.3879,24,26,28
829,25.7231,24,27,31
830,25.7231,24,27,31
831,25.7231,23,27,31
832,25.7231,22,27,31
833,25.7231,22,27,32
834,25.7231,24,27,29
835,25.5565,24,27,29
836,25.5565,22,27,29
837,25.5565,22,26,31
838,25.5565,24,27,29
839,25.5565,24,27,29
840,25.5565,24,27,29
841,25.5565,24,25,27
842,25.5565,24,27,29
843,25.7214,24,27,31
844,25.7214,22,27,31
845,25.7214,24,27,31
846,25.7214,22,27,31
847,25.7214,22,27,31
848,25.7214,22,27,31
849,25.7214,22,27,31
850,25.7214,22,27,31
851,25.7214,24,27,31
852,25.7214,24,27,31
853,25.5548,24,27,29
854,25.5548,24,27,29
855,25.3881,24,26,28
856,25.3881,23,26,28
857,25.3881,22,26,28
858,25.3881,22,26,28
859,25.3881,23,26,28
860,25.3881,24,26,28
861,25.3881,23,26,28
862,25.3881,23,26,29
863,25.3881,24,26,28
864,25.3881,23,26,29
865,25.5548,24,27,29
866,25.555,24,27,29
867,25.555,22,27,29
868,25.555,23,26,30
869,24.8903,23,27,31
870,24.807,23,27,30
871,24.807,23,27,30
872,24.8884,23,27,31
873,24.8884,23,27,29
874,24.8884,23,27,31
875,24.8884,22,27,31
876,24.8884,22,26,31
877,24.8884,23,27,31
878,24.8884,21,27,31
879,24.8884,22,26,32
880,24.8884,23,27,31
881,24.8884,22,27,31
882,24.9717,23,27,32
883,24.9717,23,27,32
884,24.9717,23,27,32
885,24.9717,23,27,32
886,24.9717,22,26,32
887,24.9717,23,27,32
888,24.9717,23,27,30
889,24.9717,22,27,30
890,24.9717,23,27,31
891,24.9717,23,27,32
892,24.9717,22,27,32
893,24.8884,23,27,31
894,24.8884,22,27,31
895,24.8884,22,27,30
896,24.892,23,27,31
897,24.8901,23,27,31
898,24.8901,22,26,31
899,25.0567,23,27,33
900,25.0567,23,27,33
901,25.0567,23,27,33
902,25.0567,23,27,32
903,25.0567,23,27,32
904,24.8901,23,27,31
905,24.8901,23,27,31
906,24.8901,23,27,31
907,24.8901,23,27,31
908,24.8901,23,27,31
909,24.8901,23,27,31
910,24.8901,22,27,31
911,24.9734,23,27,32
912,24.9734,23,27,32
913,24.9734,22,27,32
914,24.9734,22,27,32
915,24.8901,23,27,31
916,24.8881,23,27,31
917,24.8881,22,26,31
918,24.8881,23,27,31
919,24.8881,23,27,31
920,24.8881,22,27,32
921,24.8901,23,27,31
922,24.8901,23,27,31
923,24.8901,21,27,31
924,24.8901,23,27,31
925,24.8901,22,27,31
926,24.8087,23,26,31
927,24.8901,23,27,31
928,24.9754,23,27,32
929,24.9754,23,27,32
930,24.9754,23,27,31
931,24.9754,23,27,32
932,25.0587,23,27,33
933,25.0587,23,27,33
934,25.0587,23,27,33
935,25.0587,23,27,32
936,24.8901,23,27,31
937,24.8901,23,27,31
938,24.8901,22,27,31
939,24.8901,23,27,31
940,24.8901,23,27,31
941,24.8901,21,26,31
942,24.8901,22,26,31
943,24.7214,23,27,29
944,24.7214,22,27,29
945,24.7214,23,27,29
946,24.7214,23,27,29
947,24.7214,22,27,29
948,24.7214,23,27,29
949,24.7214,23,27,29
950,24.7214,23,27,29
951,24.8901,23,27,31
952,24.8901,23,27,31
953,24.8901,23,27,31
954,24.8901,22,27,31
955,24.9734,23,27,32
956,24.9734,23,27,32
957,24.9734,23,27,32
958,24.9734,21,26,31
959,24.9734,22,27,32
960,24.8901,23,27,31
961,24.8901,23,27,31
962,24.8901,23,27,31
963,24.8901,23,27,31
964,24.8901,21,25,27
965,24.8901,23,27,31
966,24.8901,23,27,31
967,24.8901,23,27,31
968,24.8901,21,27,29
969,24.8901,23,27,31
970,24.7234,23,27,29
971,24.9754,23,27,32
972,24.9754,23,27,32
973,24.9754,22,27,32
974,24.9754,23,25,30
975,24.9754,23,26,30
976,24.9754,22,27,32
977,24.9754,22,26,32
978,24.9754,23,27,32
979,24.9754,23,27,32
980,24.9754,23,27,32
981,24.9754,22,27,32
982,24.9754,23,27,32
983,24.9754,23,27,32
984,24.9754,22,27,32
985,24.9754,23,27,31
986,24.9754,23,27,32
987,24.9754,23,27,32
988,24.9754,20,27,29
989,24.8937,23,27,31
990,24.8937,23,27,31
991,24.8937,23,27,31
992,24.8937,22,27,32
993,24.9771,23,27,32
994,24.9771,22,27,32
995,24.9771,23,27,29
996,24.9771,21,27,32
997,24.9771,21,27,31
998,24.9771,23,27,32
999,24.9771,23,27,31
1000,24.9771,21,27,32
1001,24.9771,23,27,32
1002,24.9771,23,27,30
1003,24.9771,22,26,31
1004,24.8923,23,27,31
1005,24.8923,21,27,31
1006,24.8903,23,27,31
1007,24.8903,21,26,31
1008,24.8903,23,27,31
1009,24.8903,23,27,31
1010,24.8903,23,27,31
1011,24.8903,23,27,31
1012,24.8903,22,26,31
1013,24.8903,22,27,32
1014,25.807,24,27,32
1015,25.807,23,27,32
1016,25.807,23,27,32
1017,25.8903,24,27,33
1018,25.8903,22,27,33
1019,25.8903,24,27,33
1020,25.8903,24,27,33
1021,25.8903,24,27,33
1022,25.8903,22,26,31
1023,25.8903,24,27,33
1024,25.8903,24,27,33
1025,25.8903,23,27,31
1026,25.8903,24,27,33
1027,25.8903,24,27,32
1028,25.8903,24,27,33
1029,25.8903,24,27,33
1030,25.8903,24,27,31
1031,25.8903,22,27,33
1032,25.8903,23,27,33
1033,25.8903,23,27,33
1034,25.8903,24,27,33
1035,25.8903,24,27,33
1036,25.8903,24,27,33
1037,25.8903,22,27,30
1038,25.8903,24,27,33
1039,25.8903,22,27,31
1040,25.8903,22,27,32
1041,25.8089,24,27,32
1042,25.807,24,27,32
1043,25.807,22,27,31
1044,25.807,24,27,32
1045,25.807,22,27,31
1046,25.807,22,27,31
1047,25.807,24,27,32
1048,25.807,22,27,32
1049,25.807,22,27,32
1050,25.807,22,27,31
1051,25.807,23,27,30
1052,25.807,22,27,30
1053,25.807,24,27,32
1054,25.807,24,27,32
1055,25.807,24,27,32
1056,25.807,23,27,31
1057,25.807,20,27,31
1058,25.807,24,27,32
1059,25.807,21,27,30
1060,25.807,22,27,32
1061,25.807,24,27,32
1062,25.8089,24,27,32
1063,25.8089,22,27,32
1064,25.8089,24,27,32
1065,25.8089,24,27,32
1066,25.8089,22,27,32
1067,25.8089,24,27,32
1068,25.8089,22,27,32
1069,25.8089,24,27,32
1070,25.8089,24,27,32
1071,25.8089,24,27,32
1072,25.8089,23,27,32
1073,25.9756,24,27,34
1074,25.9756,24,27,34
1075,25.9756,24,27,32
1076,25.9736,24,27,34
1077,25.9736,24,27,32
1078,25.9736,23,27,33
1079,25.9736,20,27,31
1080,25.9736,22,27,32
1081,25.9736,24,27,32
1082,25.9736,24,27,34
1083,25.9736,22,26,32
1084,25.807,24,27,32
1085,25.807,23,27,32
1086,25.807,24,27,32
1087,25.807,24,27,32
1088,25.807,23,27,32
1089,25.807,22,27,32
1090,25.807,23,27,32
1091,25.807,24,27,32
1092,25.807,22,27,30
1093,25.807,24,27,32
1094,25.8089,24,27,32
1095,25.8089,24,27,32
1096,25.8089,22,27,32
1097,25.8089,22,27,31
1098,25.8089,22,27,32
1099,25.7256,24,27,31
1100,25.7256,23,27,32
1101,25.7256,22,27,30
1102,25.7256,22,27,30
1103,25.7256,22,27,33
1104,25.7256,22,27,31
1105,25.7256,20,26,32
1106,25.7256,22,27,32
1107,25.7256,24,27,31
1108,25.7256,23,27,32
1109,25.8089,24,27,32
1110,25.8089,23,27,32
1111,25.8089,22,27,32
1112,25.8089,24,27,32
1113,25.8089,21,27,33
1114,25.8089,24,27,32
1115,25.8089,22,27,31
1116,25.8089,22,27,32
1117,25.8089,22,27,32
1118,25.8089,23,26,32
1119,25.8089,22,26,30
1120,25.8089,22,27,31
1121,25.8087,24,27,32
1122,25.8087,22,27,32
1123,25.8087,23,27,31
1124,25.8087,22,27,32
1125,25.8087,24,27,31
1126,25.8087,24,27,32
1127,25.8087,24,27,31
1128,25.8087,23,27,32
1129,25.8087,24,27,32
1130,25.8087,21,27,31
1131,25.8087,24,27,32
1132,25.8087,24,27,32
1133,25.8087,24,27,32
1134,25.8087,22,27,32
1135,25.8087,24,27,32
1136,25.8087,24,27,31
1137,25.8087,23,27,32
1138,25.8087,24,27,32
1139,25.8087,24,27,32
1140,25.8087,22,27,32
1141,25.8067,24,27,32
1142,25.8067,22,27,32
1143,25.8067,23,27,31
1144,25.8067,22,27,32
1145,25.8067,22,27,32
1146,25.8067,24,27,31
1147,25.8067,23,27,31
1148,25.8067,23,27,32
1149,25.8067,22,27,30
1150,25.8067,22,26,30
1151,25.8067,22,27,32
1152,25.7234,24,27,31
1153,25.7234,22,27,31
1154,25.7234,23,27,30
1155,25.7234,24,27,31
1156,25.7234,22,27,31
1157,25.7234,24,27,31
1158,25.7234,24,27,31
1159,25.7234,22,26,30
1160,25.7234,23,27,31
1161,25.807,24,27,32
1162,25.8903,24,27,33
1163,25.807,24,27,32
1164,25.807,24,27,32
1165,25.807,22,27,32
1166,25.807,24,27,32
1167,25.807,22,27,30
1168,25.807,22,27,32
1169,25.807,24,27,32
1170,25.807,23,26,32
1171,25.807,23,27,32
1172,25.807,24,27,31
1173,25.807,24,27,32
1174,25.8104,24,27,32
1175,25.8104,22,26,30
1176,25.8104,23,27,32
1177,25.8104,23,27,32
1178,25.7254,24,27,31
1179,25.7254,23,24,29
1180,25.7254,23,27,31
1181,25.6401,24,26,31
1182,25.6401,24,26,31
1183,25.6401,24,26,31
1184,25.6401,23,27,29
1185,25.7234,24,27,31
1186,25.7234,24,27,31
1187,25.7234,22,26,29
1188,25.7234,24,27,31
1189,25.7234,24,27,31
1190,25.7234,24,27,31
1191,25.7234,22,26,29
1192,25.8901,24,27,33
1193,25.8901,23,27,33
1194,25.8901,23,27,32
1195,25.8901,21,27,31
1196,25.8901,22,27,32
1197,25.8901,21,27,32
1198,25.8067,24,27,32
1199,25.8067,22,27,32
1200,25.8067,24,27,32
1201,25.8901,24,27,33
1202,25.8901,24,27,33
1203,25.8901,24,27,33
1204,25.8901,24,27,32
1205,25.8901,24,27,31
1206,25.8901,23,27,33
1207,25.8901,24,27,33
1208,25.8901,23,27,33
1209,25.8901,22,26,32
1210,25.8901,24,27,31
1211,25.8901,24,27,33
1212,25.8901,24,27,33
1213,25.8901,22,27,33
1214,25.8901,24,26,30
1215,25.8901,22,27,31
1216,25.8901,22,27,33
1217,25.892,24,27,33
1218,25.892,22,27,33
1219,25.892,23,27,32
1220,25.892,21,27,32
1221,25.892,24,27,33
1222,25.8067,24,27,32
1223,25.8067,24,27,32
1224,25.8901,24,27,33
1225,25.8901,24,27,31
1226,25.8901,24,26,33
1227,25.8901,24,27,33
1228,25.8901,22,27,33
1229,25.8901,24,27,32
1230,25.8901,22,27,33
1231,25.8901,22,27,32
1232,25.8901,24,27,33
1233,25.8901,23,27,33
1234,25.8901,22,27,32
1235,25.8901,23,27,33
1236,25.8901,22,27,33
1237,25.8901,23,27,29
1238,25.8901,22,26,30
1239,25.8901,22,27,31
1240,25.8901,22,27,31
1241,25.8901,23,27,32
1242,25.8901,24,27,33
1243,25.8901,23,27,33
1244,25.8901,24,27,32
1245,25.8901,24,27,33
1246,25.8901,24,27,33
1247,25.8901,21,26,30
1248,25.8901,22,27,33
1249,25.8901,23,27,29
1250,25.8901,22,27,31
1251,25.8901,24,27,33
1252,25.8901,22,27,31
1253,25.8901,22,27,33
1254,25.8901,23,27,32
1255,25.8901,24,27,33
1256,25.8901,21,27,31
1257,25.8901,24,27,33
1258,25.8901,22,27,33
1259,25.8901,22,27,31
1260,25.8901,23,27,32
1261,25.8901,23,27,29
1262,25.8901,22,27,31
1263,25.8901,22,27,31
1264,25.8901,24,27,33
1265,25.8901,24,27,33
1266,25.8067,24,27,32
1267,25.8067,22,27,32
1268,25.8067,22,26,30
1269,25.8067,23,27,32
1270,25.8067,24,27,31
1271,25.8067,23,27,31
1272,25.7234,24,27,31
1273,25.7234,21,27,33
1274,25.7234,23,27,32
1275,25.7234,24,27,31
1276,25.7234,22,27,32
1277,25.7234,24,27,31
1278,25.7234,24,27,31
1279,25.7234,21,25,29
1280,25.7234,23,27,31
1281,25.8067,24,27,32
1282,25.8067,22,27,32
1283,25.8067,23,27,31
1284,25.8067,24,27,32
1285,25.8067,23,27,32
1286,25.8067,22,27,31
1287,25.8067,22,27,32
1288,25.8067,22,27,31
1289,25.805,24,27,32
1290,25.7197,24,27,31
1291,25.7197,22,27,31
1292,25.7197,22,27,32
1293,25.7197,24,27,31
1294,25.7197,22,27,31
1295,25.7197,23,27,31
1296,25.7197,22,27,31
1297,25.7197,22,27,30
1298,25.7197,23,27,31
1299,25.7197,22,25,28
1300,25.7197,22,27,31
1301,25.7197,22,24,28
1302,25.7197,22,27,31
1303,25.7197,22,27,31
1304,25.7197,23,27,31
1305,25.7197,24,27,31
1306,25.7197,23,27,31
1307,25.7197,22,27,31
1308,25.7197,22,27,31
1309,25.7197,23,27,31
1310,25.7197,23,26,32
1311,25.7197,23,27,31
1312,25.7197,24,27,31
1313,25.7197,23,27,32
1314,25.7197,22,27,31
1315,25.7197,24,27,31
1316,25.7197,23,27,31
1317,25.7197,24,27,31
1318,25.7197,24,27,31
1319,25.7197,24,27,31
1320,25.7214,24,27,31
1321,25.7214,24,27,31
1322,25.7214,21,26,28
1323,25.7217,24,27,31
1324,25.7217,24,27,31
1325,25.7217,24,26,31
1326,25.7217,24,27,31
1327,25.805,24,27,32
1328,25.805,24,27,32
1329,25.805,24,27,32
1330,25.805,22,26,30
1331,25.805,24,27,31
1332,25.805,22,25,29
1333,25.805,24,27,32
1334,25.805,22,27,31
1335,25.805,22,25,30
1336,25.805,24,27,31
1337,25.805,23,27,32
1338,25.805,24,27,32
1339,25.807,24,27,32
1340,25.807,23,27,32
1341,25.807,24,27,32
1342,25.807,22,27,31
1343,25.807,22,26,32
1344,25.807,24,27,32
1345,25.807,24,27,31
1346,25.807,23,27,32
1347,25.807,21,26,30
1348,25.8067,24,27,32
1349,25.8067,23,27,32
1350,25.8067,22,27,32
1351,25.8067,23,27,30
1352,25.7234,24,27,31
1353,25.7234,22,27,31
1354,25.7234,24,27,31
1355,25.7234,24,27,31
1356,25.7234,24,27,31
1357,25.7234,23,27,31
1358,25.7234,22,27,31
1359,25.7234,22,27,31
1360,25.7234,19,25,31
1361,25.7234,24,27,31
1362,25.7234,24,27,31
1363,25.7234,24,27,31
1364,25.7234,23,27,31
1365,25.6381,24,27,30
1366,25.6381,24,27,30
1367,25.6381,24,27,30
1368,25.6381,22,26,30
1369,25.6381,22,27,30
1370,25.6381,24,27,30
1371,25.6381,24,27,30
1372,25.6381,23,27,30
1373,25.6381,23,27,30
1374,25.6381,24,27,30
1375,25.6381,24,26,30
1376,25.6381,22,27,32
1377,25.6381,23,27,31
1378,25.6381,22,27,32
1379,25.6381,24,26,30
1380,25.6381,24,27,30
1381,25.6381,24,26,31
1382,25.6381,24,26,31
1383,25.6381,24,26,31
1384,25.7214,24,26,32
1385,25.7214,22,26,31
1386,25.7214,22,26,28
1387,25.7217,24,26,32
1388,25.7217,22,26,31
1389,25.805,24,27,32
1390,25.805,21,27,32
1391,25.805,24,27,32
1392,25.805,24,27,32
1393,25.805,22,27,32
1394,25.805,22,27,31
1395,25.805,24,27,32
1396,25.805,23,25,32
1397,25.805,22,27,31
1398,25.805,23,27,32
1399,25.805,22,27,31
1400,25.805,22,27,32
1401,25.805,22,27,30
1402,25.805,24,27,30
1403,25.805,23,27,31
1404,25.805,23,27,32
1405,25.805,23,27,32
1406,25.805,22,26,30
1407,25.805,23,27,31
1408,25.805,24,27,32
1409,25.805,22,26,30
1410,25.805,22,27,30
1411,25.805,22,27,31
1412,25.805,22,25,30
1413,25.805,24,27,32
1414,25.805,24,27,31
1415,25.805,24,27,32
1416,25.805,22,27,32
1417,25.805,24,27,32
1418,25.805,24,27,31
1419,25.805,24,27,32
1420,25.805,23,27,32
1421,25.805,23,27,31
1422,25.805,24,27,32
1423,25.805,22,27,31
1424,25.805,24,27,32
1425,25.805,22,26,31
1426,25.805,23,27,32
1427,25.805,22,27,30
1428,25.805,24,27,30
1429,25.805,24,27,32
1430,25.805,22,27,32
1431,25.805,24,27,32
1432,25.805,24,27,32
1433,25.805,22,27,32
1434,25.805,24,27,32
1435,25.805,24,27,31
1436,25.805,22,27,32
1437,25.805,19,27,30
1438,25.805,24,27,32
1439,25.805,22,26,31
1440,25.805,23,27,32
1441,25.805,24,27,32
1442,25.805,23,25,32
1443,25.805,23,25,32
1444,25.805,24,27,32
1445,25.805,20,26,32
1446,25.805,24,27,32
1447,25.805,22,27,31
1448,25.805,23,27,31
1449,25.805,24,27,31
1450,25.805,24,27,32
1451,25.805,24,27,32
1452,25.805,24,26,31
1453,25.805,23,27,32
1454,25.805,22,27,32
1455,25.805,22,27,31
1456,25.805,24,27,32
1457,25.805,22,27,32
1458,25.805,22,27,32
1459,25.807,24,27,32
1460,25.807,24,27,32
1461,25.8903,24,27,33
1462,25.8903,24,27,33
1463,25.8903,24,27,33
1464,25.8903,23,27,32
1465,25.8903,22,27,33
1466,25.8903,22,27,32
1467,25.8903,24,27,32
1468,25.8903,23,27,32
1469,25.8903,24,27,33
1470,25.8903,23,27,33
1471,25.8903,24,27,33
1472,25.8903,22,27,33
1473,25.8903,23,27,33
1474,25.8903,23,27,33
1475,25.8903,24,27,33
1476,25.8903,24,27,33
1477,25.8903,24,27,33
1478,25.8903,24,27,32
1479,25.8903,24,27,33
1480,25.8903,22,27,33
1481,25.8903,23,27,33
1482,25.8903,23,27,33
1483,25.8903,23,27,33
1484,25.8903,22,27,31
1485,25.8903,21,27,33
1486,25.8903,21,24,28
1487,25.8903,22,27,32
1488,25.8903,22,27,32
1489,25.8903,22,27,31
1490,25.8903,22,27,31
1491,25.8903,24,27,31
1492,25.8903,23,27,33
1493,25.8903,24,27,32
1494,25.8884,24,27,33
1495,25.8884,24,27,32
1496,25.8884,23,27,31
1497,25.8884,24,27,31
1498,25.8884,24,27,32
1499,25.8884,24,27,33
1500,25.8884,24,27,31
1501,25.8884,24,27,31
1502,25.8884,24,27,31
1503,25.8884,24,27,33
1504,25.8884,24,27,31
1505,25.8884,23,27,33
1506,25.8884,24,27,33
1507,25.8884,22,27,32
1508,25.8884,24,27,31
1509,25.8884,23,27,33
1510,25.8884,22,27,32
1511,25.8903,24,27,33
1512,25.8903,24,27,31
1513,25.8903,24,27,33
1514,25.8903,22,27,33
1515,25.8903,24,27,32
1516,25.8903,22,27,33
1517,25.807,24,27,32
1518,25.807,24,27,32
1519,25.807,22,27,31
1520,25.807,24,27,31
1521,25.807,22,27,32
1522,25.807,24,27,32
1523,25.807,24,27,32
1524,25.807,22,27,31
1525,25.807,24,27,32
1526,25.807,24,27,32
1527,25.807,22,27,33
1528,25.807,24,27,32
1529,25.807,24,27,32
1530,25.807,23,27,31
1531,25.807,23,27,32
1532,25.807,22,27,33
1533,25.807,24,27,32
1534,25.807,24,27,32
1535,25.807,22,25,29
1536,25.8067,24,27,32
1537,25.8067,22,27,32
1538,25.8067,24,27,32
1539,25.8067,23,27,31
1540,25.8067,24,27,32
1541,25.8067,22,27,32
1542,25.8067,20,27,30
1543,25.8067,24,27,32
1544,25.8067,24,27,32
1545,25.8067,24,27,32
1546,25.8067,23,27,32
1547,25.8067,22,27,31
1548,25.8067,24,27,32
1549,25.8067,22,27,32
1550,25.8901,24,27,33
1551,25.8901,24,27,33
1552,25.8901,22,27,33
1553,25.8901,22,27,31
1554,25.8901,24,27,33
1555,25.892,24,27,33
1556,25.892,24,27,32
1557,25.892,24,27,33
1558,25.892,22,27,33
1559,25.892,22,27,30
1560,25.892,20,27,33
1561,25.892,23,27,33
1562,25.892,24,27,33
1563,25.892,22,27,33
1564,25.892,22,27,33
1565,25.892,24,27,33
1566,25.892,22,27,31
1567,25.892,24,27,33
1568,25.892,24,27,33
1569,25.892,24,27,33
1570,25.892,22,26,31
1571,25.892,22,27,33
1572,25.892,22,27,33
1573,25.892,24,27,33
1574,25.892,24,27,33
1575,25.892,24,27,33
1576,25.892,24,27,32
1577,25.892,23,27,33
1578,25.892,23,26,31
1579,25.892,24,27,32
1580,25.892,23,27,30
1581,25.892,24,27,32
1582,25.892,22,25,32
1583,25.892,23,27,32
1584,25.892,22,27,33
1585,25.892,24,26,33
1586,25.892,23,27,31
1587,25.8087,24,27,32
1588,25.8087,24,27,32
1589,25.8104,24,27,32
1590,25.8104,23,27,31
1591,25.8104,23,27,32
1592,25.8104,24,27,32
1593,25.8104,22,27,32
1594,25.8104,24,27,32
1595,25.8087,24,27,32
1596,25.8087,22,27,30
1597,25.8087,24,27,32
1598,25.8087,23,27,32
1599,25.8067,24,27,32
1600,25.8067,23,26,32
1601,25.8067,22,27,32
1602,25.8067,24,27,32
1603,25.8067,22,27,32
1604,25.8067,23,27,32
1605,25.8067,22,27,32
1606,25.8067,22,27,31
1607,25.8067,22,27,31
1608,25.8067,22,27,32
1609,25.8067,24,27,32
1610,25.8067,23,27,32
1611,25.8067,24,27,32
1612,25.8067,24,27,32
1613,25.8067,23,27,32
1614,25.8067,24,26,33
1615,25.8067,24,26,32
1616,25.8067,24,26,32
1617,25.8067,23,27,32
1618,25.8067,21,27,31
1619,25.8067,22,27,33
1620,25.8067,23,27,32
1621,25.8067,24,26,33
1622,25.8067,24,26,33
1623,25.8087,24,26,33
1624,25.8087,22,26,31
1625,25.8087,22,27,32
1626,25.8087,24,26,33
1627,25.8087,23,26,32
1628,25.8087,22,26,33
1629,25.8087,24,26,33
1630,25.8087,23,26,30
1631,25.8087,22,26,33
1632,25.8087,24,26,33
1633,25.8087,24,26,33
1634,25.8087,20,26,33
1635,25.8067,24,26,33
1636,25.8067,21,26,33
1637,25.8067,24,26,33
1638,25.8067,22,26,32
1639,25.8067,24,26,33
1640,25.8067,22,27,33
1641,25.8067,23,27,31
1642,25.8067,22,26,33
1643,25.8067,22,26,32
1644,25.8067,23,27,33
1645,25.8067,22,26,33
1646,25.8067,24,26,33
1647,25.8067,23,26,32
1648,25.7254,24,26,32
1649,25.7236,24,26,32
1650,25.7236,24,26,32
1651,25.7236,24,26,32
1652,25.7236,22,26,32
1653,25.7236,24,26,32
1654,25.7236,24,26,32
1655,25.7236,24,26,31
1656,25.7236,23,27,32
1657,25.7236,24,26,32
1658,25.7236,23,27,31
1659,25.7236,22,26,32
1660,25.7236,23,26,32
1661,25.807,24,27,32
1662,25.807,24,27,32
1663,25.807,23,27,32
1664,25.8087,24,27,32
1665,25.8087,22,26,32
1666,25.8087,24,27,32
1667,25.8087,23,27,32
1668,25.8087,24,27,32
1669,25.8087,22,27,32
1670,25.8087,24,27,32
1671,25.8087,22,27,32
1672,25.8087,22,26,32
1673,25.8067,24,27,32
1674,25.8067,24,27,32
1675,25.8067,23,27,31
1676,25.8067,24,27,32
1677,25.8067,24,27,32
1678,25.8067,22,26,32
1679,25.8067,22,26,32
1680,25.8067,23,27,31
1681,25.8067,23,26,31
1682,25.8067,24,27,31
1683,25.8067,24,27,32
1684,25.8067,22,27,32
1685,25.8067,24,25,30
1686,25.8067,24,27,31
1687,25.8067,22,27,32
1688,25.8067,22,27,32
1689,25.8067,23,24,26
1690,25.8067,24,27,30
1691,25.8067,23,26,31
1692,25.8067,24,26,32
1693,25.8067,24,27,30
1694,25.8067,22,25,30
1695,25.8067,21,27,31
1696,25.8067,24,27,32
1697,25.8067,24,27,32
1698,25.8067,23,27,31
1699,25.8067,24,27,32
1700,25.8067,22,26,31
1701,25.8067,23,27,31
1702,25.8067,23,27,31
1703,25.8067,23,27,32
1704,25.8067,24,27,31
1705,25.8067,22,27,32
1706,25.8067,24,27,32
1707,25.8067,24,27,30
1708,25.8067,22,27,32
1709,25.8067,24,27,32
1710,25.8067,24,27,31
1711,25.8067,24,27,32
1712,25.8067,24,26,31
1713,25.8067,24,27,32
1714,25.8067,24,27,32
1715,25.8067,24,26,32
1716,25.8067,22,27,32
1717,25.8067,19,27,31
1718,25.8067,24,27,32
1719,25.8067,24,27,30
1720,25.8067,24,27,32
1721,25.8067,23,27,32
1722,25.8087,24,27,32
1723,25.8087,24,27,32
1724,25.8087,22,27,32
1725,25.8087,24,27,32
1726,25.8087,24,27,32
1727,25.8087,24,27,32
1728,25.8087,22,27,32
1729,25.8087,24,27,32
1730,25.8087,23,27,32
1731,25.8087,24,27,32
1732,25.8087,22,27,32
1733,25.8087,24,27,32
1734,25.8087,24,27,32
1735,25.8087,24,27,32
1736,25.8087,24,27,31
1737,25.8087,23,27,31
1738,25.8087,23,27,32
1739,25.8087,22,24,28
1740,25.8087,22,27,31
1741,25.8087,24,27,32
1742,25.8087,23,27,32
1743,25.8087,22,27,32
1744,25.8067,24,27,32
1745,25.8067,22,27,32
1746,25.8067,23,26,31
1747,25.8067,23,27,32
1748,25.8067,23,27,32
1749,25.8067,22,27,32
1750,25.8067,24,27,32
1751,25.8067,24,27,32
1752,25.8067,22,27,32
1753,25.8067,22,27,32
1754,25.8067,23,27,32
1755,25.8087,24,27,32
1756,25.8087,22,27,32
1757,25.8087,24,27,32
1758,25.8087,22,27,32
1759,25.8087,24,27,32
1760,25.8087,22,27,32
1761,25.8087,24,27,31
1762,25.8087,24,27,32
1763,25.8087,23,27,31
1764,25.8087,22,26,30
1765,25.8087,22,27,32
1766,25.8087,24,27,32
1767,25.8087,24,27,32
1768,25.8087,22,25,29
1769,25.8087,24,27,32
1770,25.8087,23,27,33
1771,25.8087,24,27,32
1772,25.892,24,27,33
1773,25.892,24,27,32
1774,25.892,22,27,32
1775,25.892,23,27,33
1776,25.892,22,27,33
1777,25.892,21,27,30
1778,25.892,22,26,30
1779,25.892,24,27,33
1780,25.892,23,27,33
1781,25.892,24,27,32
1782,25.892,22,27,32
1783,25.892,24,27,32
1784,25.892,23,27,33
1785,25.892,22,27,32
1786,25.892,24,27,33
1787,25.892,24,27,32
1788,25.8901,24,27,33
1789,25.892,24,27,33
1790,25.892,22,27,32
1791,25.892,24,27,33
1792,25.892,23,27,33
1793,25.892,22,27,33
1794,25.892,24,27,33
1795,25.892,22,27,32
1796,25.892,23,27,33
1797,25.892,23,27,32
1798,25.892,24,26,31
1799,25.892,22,27,33
1800,25.892,22,27,31
1801,25.892,23,27,33
1802,25.892,23,27,33
1803,25.892,22,27,32
1804,25.892,22,25,32
1805,25.892,23,27,32
1806,25.892,24,27,32
1807,25.892,24,27,32
1808,25.892,23,27,33
1809,25.892,22,27,32
1810,25.892,22,27,32
1811,25.892,21,27,32
1812,25.892,23,27,32
1813,25.892,21,27,32
1814,25.892,22,27,31
1815,25.892,24,27,32
1816,25.892,23,27,33
1817,25.892,23,27,33
1818,25.892,22,27,31
1819,25.892,23,27,33
1820,25.892,22,27,32
1821,25.892,23,27,33
1822,25.892,24,27,31
1823,25.892,24,27,33
1824,25.892,24,27,33
1825,25.892,24,27,33
1826,25.892,23,27,32
1827,25.892,24,27,33
1828,25.892,24,27,32
1829,25.892,22,27,33
1830,25.892,22,25,31
1831,25.892,22,27,32
1832,25.892,23,27,32
1833,25.892,23,27,32
1834,25.892,22,27,32
1835,25.892,23,27,30
1836,25.892,24,27,31
1837,25.892,24,27,33
1838,25.892,22,27,33
1839,25.892,24,27,32
1840,25.892,23,27,33
1841,25.892,24,27,33
1842,25.892,23,27,31
1843,25.892,24,27,33
1844,25.892,22,27,32
1845,25.892,24,27,33
1846,25.8903,24,27,33
1847,25.8903,22,27,32
1848,25.892,24,27,33
1849,25.892,24,27,33
1850,25.892,20,27,33
1851,25.892,22,27,33
1852,25.892,24,27,33
1853,25.892,24,27,33
1854,25.892,22,27,33
1855,25.892,24,27,32
1856,25.892,24,27,32
1857,25.892,24,27,33
1858,25.892,22,27,33
1859,25.892,22,27,33
1860,25.892,23,27,33
1861,25.892,22,27,31
1862,25.892,22,27,31
1863,25.892,24,27,33
1864,25.892,22,26,33
1865,25.892,24,27,30
1866,25.892,24,27,32
1867,25.892,24,27,32
1868,25.892,22,27,33
1869,25.892,23,27,33
1870,25.892,24,27,32
1871,25.892,24,27,33
1872,25.8903,24,27,33
1873,25.8903,24,27,33
1874,25.8903,22,26,32
1875,25.8903,20,27,32
1876,25.8903,24,27,33
1877,25.8903,21,26,31
1878,25.892,24,27,33
1879,25.892,23,27,34
1880,25.892,23,27,33
1881,25.892,23,27,31
1882,25.892,22,27,32
1883,25.892,24,27,33
1884,25.892,22,27,33
1885,25.892,24,27,33
1886,25.892,21,25,31
1887,25.892,24,27,33
1888,25.892,23,27,32
1889,25.892,24,27,33
1890,25.892,24,27,32
1891,25.892,24,27,32
1892,25.894,24,27,33
1893,25.894,24,27,33
1894,25.894,22,25,31
1895,25.894,24,27,31
1896,25.894,23,27,33
1897,25.894,22,25,27
1898,25.894,23,26,31
1899,25.894,24,27,33
1900,25.894,24,27,33
1901,25.894,24,27,33
1902,25.894,24,27,32
1903,25.894,22,27,33
1904,25.894,24,27,33
1905,25.894,22,26,31
1906,25.894,22,27,33
1907,25.894,24,27,31
1908,25.894,24,27,32
1909,25.894,24,27,33
1910,25.894,22,25,31
1911,25.894,23,27,32
1912,25.894,24,27,32
1913,25.894,24,27,33
1914,25.894,23,27,31
1915,25.894,24,27,33
1916,25.894,22,27,33
1917,25.894,23,27,33
1918,25.894,24,27,33
1919,25.894,24,27,33
1920,25.894,22,27,32
1921,25.8923,24,27,33
1922,25.8923,24,27,33
1923,25.8923,24,27,33
1924,25.8923,23,27,33
1925,25.8923,24,27,33
1926,25.8923,24,27,33
1927,25.8923,24,27,33
1928,25.8923,24,27,33
1929,25.8923,23,27,33
1930,25.8923,24,27,33
1931,25.8923,24,27,33
1932,25.8923,24,27,32
1933,25.8923,23,27,33
1934,25.8923,24,27,31
1935,25.8923,24,27,33
1936,25.8923,23,27,33
1937,25.8923,22,27,33
1938,25.8923,23,27,33
1939,25.8923,24,27,33
1940,25.8923,24,27,33
1941,25.8923,22,25,33
1942,25.8923,24,27,33
1943,25.8923,22,26,31
1944,25.8923,23,27,33
1945,25.8923,24,27,33
1946,25.8923,22,27,33
1947,25.8923,24,27,32
1948,25.8923,24,26,31
1949,25.8923,24,27,33
1950,25.8923,23,26,29
1951,25.892,24,27,33
1952,25.892,24,27,33
1953,25.892,24,27,33
1954,25.892,23,27,33
1955,25.892,22,27,33
1956,25.892,24,27,33
1957,25.892,24,27,32
1958,25.892,24,27,33
1959,25.892,24,27,33
1960,25.892,24,27,33
1961,25.892,22,27,33
1962,25.892,20,26,32
1963,25.892,24,27,33
1964,25.892,24,27,31
1965,25.892,23,27,33
1966,25.892,23,27,33
1967,25.892,24,27,33
1968,25.892,24,26,31
1969,25.892,24,27,33
1970,25.892,24,27,33
1971,25.892,22,27,32
1972,25.892,24,27,33
1973,25.892,23,27,32
1974,25.892,23,27,32
1975,25.892,24,27,33
1976,25.892,24,27,32
1977,25.892,23,27,31
1978,25.892,24,27,32
1979,25.892,22,27,32
1980,25.892,24,27,33
1981,25.892,23,27,33
1982,25.892,23,27,31
1983,25.892,23,27,32
1984,25.892,24,27,33
1985,25.892,22,27,33
1986,25.892,24,27,33
1987,25.892,24,27,33
1988,25.892,23,27,32
1989,25.892,23,27,33
1990,25.892,24,27,31
1991,25.892,22,27,32
1992,25.892,24,27,33
1993,25.892,22,27,33
1994,25.892,24,26,33
1995,25.892,24,27,33
1996,25.892,24,27,33
1997,25.892,23,26,31
1998,25.8923,24,27,33
1999,25.8923,24,27,33
2000,25.8923,23,27,33
2001,25.8923,24,27,33
2002,25.8923,24,27,33
2003,25.8923,24,27,33
2004,25.8923,23,27,33
2005,25.8923,23,27,32
2006,25.8923,24,27,33
2007,25.8923,22,27,34
2008,25.8923,24,27,33
2009,25.8923,24,27,33
2010,25.8923,23,27,32
2011,25.8923,24,27,32
2012,25.8923,24,27,33
2013,25.8923,22,27,33
2014,25.8923,22,26,33
2015,25.8923,21,27,31
2016,25.8923,24,27,33
2017,25.8923,22,27,33
2018,25.8923,24,27,31
2019,25.8923,24,27,32
2020,25.8923,24,27,33
2021,25.8923,24,27,33
2022,25.8923,24,27,33
2023,25.8923,23,27,33
2024,25.8923,22,27,33
2025,25.8923,20,26,31
2026,25.8923,24,27,33
2027,25.8923,21,26,30
2028,25.8923,23,27,30
2029,25.8923,22,27,33
2030,25.8923,24,27,33
2031,25.8923,24,26,33
2032,25.8923,23,27,32
2033,25.8923,24,27,33
2034,25.8923,22,27,33
2035,25.8923,24,27,31
2036,25.8923,24,27,32
2037,25.8923,22,26,33
2038,25.8923,24,27,32
2039,25.8923,22,27,33
2040,25.8923,19,27,31
2041,25.8923,24,27,33
2042,25.8903,24,27,33
2043,25.8903,24,27,31
2044,25.8903,22,27,31
2045,25.8903,23,27,33
2046,25.8903,24,27,30
2047,25.8903,24,27,33
2048,25.8903,24,27,32
2049,25.8903,23,27,33
2050,25.8903,23,27,32
2051,25.8903,24,27,32
2052,25.8903,22,27,32
2053,25.8903,24,26,31
2054,25.8903,22,27,33
2055,25.8903,22,27,33
2056,25.8903,22,27,30
2057,25.8903,24,27,32
2058,25.8903,22,27,33
2059,25.8903,24,27,33
2060,25.8903,22,27,33
2061,25.8903,24,27,33
2062,25.8903,22,27,33
2063,25.8903,22,26,33
2064,25.8903,24,27,32
2065,25.8903,24,27,33
2066,25.8903,22,27,31
2067,25.8903,24,27,32
2068,25.8903,23,27,33
2069,25.8903,23,27,32
2070,25.8903,24,27,32
2071,25.8903,24,27,32
2072,25.8903,24,27,33
2073,25.8903,24,27,33
2074,25.8903,23,27,33
2075,25.8923,24,27,33
2076,25.8923,22,27,33
2077,25.8923,24,27,33
2078,25.8923,23,27,34
2079,25.8923,24,27,33
2080,25.8923,24,27,33
2081,25.8923,22,27,33
2082,25.8923,24,27,33
2083,25.8923,24,27,33
2084,25.8923,23,26,33
2085,25.8923,24,27,33
2086,25.8923,23,27,32
2087,25.8923,22,27,31
2088,25.8923,22,27,33
2089,25.8923,23,27,32
2090,25.8923,23,27,33
2091,25.8923,22,27,33
2092,25.8923,22,27,31
2093,25.8923,23,27,33
2094,25.892,24,27,33
2095,25.892,21,27,30
2096,25.892,23,27,33
2097,25.892,23,27,33
2098,25.892,23,27,33
2099,25.8901,24,27,33
2100,25.8901,22,27,33
2101,25.8901,24,27,33
2102,25.8901,23,27,33
2103,25.8903,24,27,33
2104,25.8903,22,27,32
2105,25.8903,24,27,33
2106,25.8903,24,27,33
2107,25.8903,24,27,33
2108,25.8903,22,27,33
2109,25.8903,21,26,31
2110,25.8903,22,27,31
2111,25.8903,22,26,31
2112,25.8903,22,27,33
2113,25.8903,22,27,31
2114,25.8903,24,27,32
2115,25.8903,23,27,30
2116,25.8903,23,27,33
2117,25.8903,24,27,31
2118,25.8903,22,27,33
2119,25.8903,23,27,32
2120,25.8903,24,27,33
2121,25.8903,22,26,31
2122,25.8903,23,27,32
2123,25.8903,23,27,30
2124,25.8903,22,27,33
2125,25.8903,22,27,32
2126,25.8903,24,27,33
2127,25.8903,24,27,33
2128,25.8903,23,27,32
2129,25.8903,23,27,32
2130,25.8903,24,27,33
2131,25.8903,22,27,31
2132,25.8903,22,27,33
2133,25.8903,23,27,32
2134,25.8903,23,26,31
2135,25.8903,24,26,31
2136,25.8903,24,27,33
2137,25.8903,22,27,33
2138,25.8903,24,27,33
2139,25.8903,23,27,32
2140,25.8903,22,27,33
2141,25.8903,24,27,32
2142,25.8903,24,27,33
2143,25.8903,22,27,33
2144,25.8903,24,27,31
2145,25.8901,24,27,33
2146,25.8901,22,27,31
2147,25.8901,23,27,33
2148,25.8901,24,27,33
2149,25.8901,24,27,33
2150,25.8901,23,27,32
2151,25.8901,22,27,33
2152,25.8901,23,26,31
2153,25.892,24,27,33
2154,25.892,24,27,32
2155,25.892,24,27,33
2156,25.892,24,26,31
2157,25.892,24,27,32
2158,25.8903,24,27,33
2159,25.8903,23,27,33
2160,25.8903,23,27,33
2161,25.8903,22,27,33
2162,25.8903,24,26,30
2163,25.8903,22,27,30
2164,25.8903,24,27,32
2165,25.8903,24,27,33
2166,25.8903,22,27,33
2167,25.8903,24,27,31
2168,25.8903,24,27,33
2169,25.8903,22,27,31
2170,25.8903,22,27,32
2171,25.8903,21,27,31
2172,25.8903,24,27,33
2173,25.8903,23,27,33
2174,25.8903,23,26,31
2175,25.8903,20,24,30
2176,25.8903,23,27,33
2177,25.8903,22,27,32
2178,25.8903,24,27,31
2179,25.8903,24,27,33
2180,25.8903,22,27,31
2181,25.8903,19,27,31
2182,25.8903,23,27,33
2183,25.8903,24,27,32
2184,25.8903,24,27,33
2185,25.8903,24,27,33
2186,25.8903,24,27,33
2187,25.8903,24,27,32
2188,25.8903,24,27,33
2189,25.8903,24,27,32
2190,25.8903,22,26,32
2191,25.8903,23,27,32
2192,25.8903,22,27,32
2193,25.8903,23,25,30
2194,25.8903,24,27,33
2195,25.8903,23,27,33
2196,25.8903,24,27,33
2197,25.8903,24,27,33
2198,25.8903,24,27,33
2199,25.8903,22,27,33
2200,25.8903,24,27,33
2201,25.8903,24,27,32
2202,25.8903,22,27,33
2203,25.8903,24,27,33
2204,25.8903,21,27,30
2205,25.8903,23,27,33
2206,25.8903,24,27,33
2207,25.8903,22,26,33
2208,25.8903,21,25,31
2209,25.8903,24,27,32
2210,25.8903,23,27,33
2211,25.8903,23,27,32
2212,25.8903,24,27,33
2213,25.8903,24,27,33
2214,25.8903,24,27,33
2215,25.8903,22,27,33
2216,25.8903,24,27,33
2217,25.8903,22,27,33
2218,25.8903,23,27,31
2219,25.8903,24,27,33
2220,25.8903,22,26,28
2221,25.8903,22,24,29
2222,25.8903,22,27,32
2223,25.8903,22,27,33
2224,25.8903,22,27,33
2225,25.8903,22,27,32
2226,25.8903,22,27,32
2227,25.8903,22,27,32
2228,25.8903,23,27,33
2229,25.8903,24,27,33
2230,25.8903,24,27,33
2231,25.8903,22,27,31
2232,25.8903,24,27,33
2233,25.8903,24,27,33
2234,25.8903,21,25,29
2235,25.8903,24,26,33
2236,25.8903,24,27,33
2237,25.8903,23,27,32
2238,25.8903,24,27,32
2239,25.8903,23,26,31
2240,25.8903,23,27,33
2241,25.8903,22,27,31
2242,25.8903,24,27,33
2243,25.8903,24,27,33
2244,25.8903,24,27,33
2245,25.8903,23,27,32
2246,25.8903,23,27,32
2247,25.8903,24,27,33
2248,25.8903,22,27,33
2249,25.8903,22,27,31
2250,25.8903,24,27,33
2251,25.8903,22,27,31
2252,25.8903,24,27,33
2253,25.8903,24,27,33
2254,25.8903,22,26,33
2255,25.8903,24,27,33
2256,25.8903,23,27,33
2257,25.8903,24,27,33
2258,25.8903,22,27,33
2259,25.8903,24,27,33
2260,25.8903,24,26,33
2261,25.8903,24,27,33
2262,25.8903,24,27,31
2263,25.8903,24,27,33
2264,25.8903,22,26,33
2265,25.8903,24,27,32
2266,25.8903,20,27,32
2267,25.8903,24,27,33
2268,25.8903,24,27,31
2269,25.8903,24,27,33
2270,25.8903,22,26,33
2271,25.8903,24,27,33
2272,25.8903,22,27,33
2273,25.8903,24,27,33
2274,25.8903,24,27,33
2275,25.8903,24,27,32
2276,25.8903,22,27,31
2277,25.8903,24,27,32
2278,25.8923,24,27,33
2279,25.8923,24,27,33
2280,25.8923,22,27,30
2281,25.8923,23,27,32
2282,25.8923,21,27,33
2283,25.8923,23,27,31
2284,25.8923,24,27,33
2285,25.8923,24,27,33
2286,25.8923,24,27,33
2287,25.8923,23,27,33
2288,25.8923,22,27,33
2289,25.8923,24,27,33
2290,25.8923,24,27,33
2291,25.8923,22,27,33
2292,25.892,24,27,33
2293,25.892,22,27,33
2294,25.892,24,27,31
2295,25.892,24,27,33
2296,25.892,23,27,32
2297,25.892,24,27,33
2298,25.892,22,27,32
2299,25.892,24,27,32
2300,25.892,24,27,33
2301,25.892,24,27,33
2302,25.892,21,27,32
2303,25.892,24,27,32
2304,25.892,23,27,33
2305,25.892,24,27,33
2306,25.892,23,27,33
2307,25.892,22,27,33
2308,25.892,24,27,32
2309,25.892,23,27,31
2310,25.892,24,27,33
2311,25.892,23,27,34
2312,25.892,21,27,30
2313,25.892,22,26,31
2314,25.892,24,27,33
2315,25.892,22,27,33
2316,25.892,24,27,33
2317,25.892,24,27,33
2318,25.892,22,27,33
2319,25.892,23,27,32
2320,25.892,22,27,33
2321,25.892,21,27,31
2322,25.892,24,27,33
2323,25.892,24,27,33
2324,25.892,22,27,32
2325,25.892,22,27,30
2326,25.892,23,27,31
2327,25.892,23,27,33
2328,25.892,24,27,32
2329,25.892,23,27,33
2330,25.892,23,27,32
2331,25.892,23,27,33
2332,25.892,24,27,33
2333,25.892,23,27,32
2334,25.892,24,27,30
2335,25.892,24,27,33
2336,25.892,23,27,31
2337,25.892,22,27,33
2338,25.892,24,27,31
2339,25.892,22,27,33
2340,25.892,24,27,32
2341,25.892,23,27,32
2342,25.892,24,27,33
2343,25.892,24,27,33
2344,25.892,23,27,33
2345,25.892,24,27,33
2346,25.892,23,27,31
2347,25.892,22,27,32
2348,25.892,24,27,33
2349,25.892,23,27,33
2350,25.892,22,27,33
2351,25.892,24,27,33
2352,25.892,24,27,33
2353,25.892,24,27,33
2354,25.892,22,27,33
2355,25.892,24,27,33
2356,25.892,24,27,33
2357,25.892,23,27,33
2358,25.892,22,27,33
2359,25.892,22,27,33
2360,25.892,23,27,33
2361,25.892,24,27,33
2362,25.892,22,27,33
2363,25.892,24,27,33
2364,25.892,22,27,33
2365,25.892,23,27,33
2366,25.892,24,27,33
2367,25.892,22,26,31
2368,25.892,23,27,32
2369,25.892,24,27,32
2370,25.892,24,27,33
2371,25.892,23,27,31
2372,25.892,23,27,33
2373,25.892,23,27,30
2374,25.892,24,27,33
2375,25.892,22,26,30
2376,25.892,24,27,33
2377,25.892,22,27,32
2378,25.892,24,27,33
2379,25.892,22,27,32
2380,25.892,23,27,33
2381,25.892,23,27,32
2382,25.892,22,27,33
2383,25.892,23,27,32
2384,25.892,24,27,33
2385,25.892,22,27,33
2386,25.892,24,27,33
2387,25.892,24,27,33
2388,25.892,24,27,33
2389,25.892,22,27,33
2390,25.892,24,27,33
2391,25.892,22,27,33
2392,25.892,23,27,32
2393,25.892,24,27,32
2394,25.892,24,27,31
2395,25.892,24,27,32
2396,25.892,22,27,32
2397,25.892,23,27,32
2398,25.892,22,27,33
2399,25.892,22,27,33
2400,25.892,22,27,32
2401,25.892,23,27,33
2402,25.892,23,27,33
2403,25.892,24,27,33
2404,25.892,23,27,33
2405,25.892,24,27,33
2406,25.892,24,27,31
2407,25.892,22,26,33
2408,25.892,23,27,32
2409,25.892,23,27,31
2410,25.892,23,27,33
2411,25.892,22,27,32
2412,25.892,24,27,31
2413,25.892,24,27,31
2414,25.892,24,27,30
2415,25.892,21,27,33
2416,25.892,23,27,32
2417,25.892,24,27,33
2418,25.892,23,27,32
2419,25.892,23,26,31
2420,25.892,22,27,31
2421,25.892,24,27,33
2422,25.892,22,27,33
2423,25.892,24,27,31
2424,25.892,22,27,29
2425,25.892,24,27,32
2426,25.892,23,27,33
2427,25.892,23,27,31
2428,25.892,24,27,33
2429,25.892,22,27,33
2430,25.892,24,27,31
2431,25.892,24,27,33
2432,25.892,21,27,31
2433,25.892,23,27,31
2434,25.892,23,27,31
2435,25.892,22,27,31
2436,25.892,24,27,33
2437,25.892,22,27,31
2438,25.892,24,27,33
2439,25.892,24,27,33
2440,25.892,23,27,32
2441,25.892,24,27,33
2442,25.892,22,27,32
2443,25.892,24,27,33
2444,25.892,24,27,33
2445,25.892,24,27,33
2446,25.892,24,27,33
2447,25.892,22,27,33
2448,25.892,24,27,33
2449,25.892,22,27,32
2450,25.892,24,27,33
2451,25.892,24,27,33
2452,25.892,22,27,33
2453,25.892,23,27,33
2454,25.892,23,27,33
2455,25.892,24,27,33
2456,25.892,23,27,31
2457,25.892,24,27,33
2458,25.892,23,26,31
2459,25.892,23,27,31
2460,25.892,21,27,32
2461,25.892,24,27,33
2462,25.892,24,27,33
2463,25.892,24,27,32
2464,25.892,19,26,32
2465,25.892,22,27,33
2466,25.892,23,27,32
2467,25.892,24,27,32
2468,25.892,24,27,33
2469,25.892,22,27,31
2470,25.892,24,27,33
2471,25.892,24,27,33
2472,25.892,24,27,33
2473,25.892,23,27,32
2474,25.892,24,27,33
2475,25.892,23,26,31
2476,25.892,24,27,33
2477,25.892,23,27,33
2478,25.892,22,26,30
2479,25.892,20,26,32
2480,25.892,23,27,33
2481,25.892,22,27,31
2482,25.892,24,27,33
2483,25.892,22,27,33
2484,25.892,24,27,33
2485,25.892,22,27,33
2486,25.892,24,27,33
2487,25.892,24,27,33
2488,25.892,23,26,31
2489,25.892,24,27,31
2490,25.892,24,27,32
2491,25.892,23,27,31
2492,25.892,24,27,31
2493,25.892,24,27,32
2494,25.892,24,27,32
2495,25.892,24,27,32
2496,25.8923,24,27,33
2497,25.8923,24,27,33
2498,25.8923,24,27,33
2499,25.8923,24,27,32
2500,25.8923,24,27,33
2501,25.8923,24,27,33
2502,25.8923,24,27,33
2503,25.8923,24,27,33
2504,25.8923,23,27,33
2505,25.8923,20,27,32
2506,25.8923,22,27,32
2507,25.8923,22,27,33
2508,25.8923,24,27,32
2509,25.8923,24,27,31
2510,25.8923,23,27,33
2511,25.8923,24,27,33
2512,25.8923,24,27,33
2513,25.8923,23,27,33
2514,25.8923,24,27,33
2515,25.8923,22,26,31
2516,25.8923,22,27,32
2517,25.8923,24,27,33
2518,25.8923,23,27,31
2519,25.8923,23,27,33
2520,25.8923,22,26,33
2521,25.8923,24,27,33
2522,25.8923,21,27,31
2523,25.8923,24,27,31
2524,25.8923,22,27,33
2525,25.8923,23,27,33
2526,25.8923,22,27,33
2527,25.8923,23,27,33
2528,25.8923,22,27,33
2529,25.8923,23,27,32
2530,25.8923,24,27,33
2531,25.8923,22,27,31
2532,25.8923,24,27,31
2533,25.8923,24,27,31
2534,25.8923,22,27,32
2535,25.8923,21,27,31
2536,25.8923,23,27,33
2537,25.8923,22,26,32
2538,25.8923,24,27,33
2539,25.8923,24,27,33
2540,25.8923,23,27,33
2541,25.8923,22,26,31
2542,25.8923,24,27,33
2543,25.8923,24,27,33
2544,25.8923,24,27,32
2545,25.8923,24,27,32
2546,25.8923,24,27,33
2547,25.8923,23,27,32
2548,25.8923,19,26,30
2549,25.8923,23,27,32
2550,25.8923,23,27,32
2551,25.8923,24,27,32
2552,25.8923,24,27,33
2553,25.8923,24,26,31
2554,25.8923,24,27,33
2555,25.8923,24,27,32
2556,25.8923,22,27,33
2557,25.8923,22,27,32
2558,25.8923,23,27,33
2559,25.8923,23,27,33
2560,25.8923,24,27,33
2561,25.8923,24,27,33
2562,25.8923,24,27,31
2563,25.8923,24,27,31
2564,25.8923,21,27,32
2565,25.8923,22,27,31
2566,25.8923,23,27,33
2567,25.8923,23,27,33
2568,25.8923,24,27,33
2569,25.8923,24,27,33
2570,25.8923,24,27,31
2571,25.8923,23,27,33
2572,25.8923,24,27,31
2573,25.8923,22,27,31
2574,25.8923,24,27,33
2575,25.8923,24,27,33
2576,25.8923,21,25,32
2577,25.8923,23,27,31
2578,25.8923,24,27,33
2579,25.8923,24,27,32
2580,25.8923,24,27,31
2581,25.8923,22,27,31
2582,25.8923,22,27,32
2583,25.8923,23,27,32
2584,25.8923,22,26,32
2585,25.8923,24,27,33
2586,25.8923,24,27,31
2587,25.8923,22,25,29
2588,25.8923,22,27,31
2589,25.8923,24,27,33
2590,25.8923,24,27,33
2591,25.8923,23,27,33
2592,25.8923,24,27,33
2593,25.8923,22,27,33
2594,25.8923,24,27,33
2595,25.8923,22,27,31
2596,25.8923,21,27,31
2597,25.8923,23,27,33
2598,25.8923,24,27,33
2599,25.8923,23,27,33
2600,25.8923,22,27,32
2601,25.8923,22,26,32
2602,25.8923,24,27,31
2603,25.8923,22,27,32
2604,25.8923,24,27,32
2605,25.8923,24,27,33
2606,25.8923,22,26,31
2607,25.8923,24,27,32
2608,25.8923,23,27,33
2609,25.8923,24,27,33
2610,25.8923,23,27,32
2611,25.8923,24,27,33
2612,25.8923,23,27,34
2613,25.8923,24,27,31
2614,25.8923,24,27,33
2615,25.8923,24,27,33
2616,25.8923,24,26,33
2617,25.8923,21,26,29
2618,25.8923,24,27,29
2619,25.8923,24,27,33
2620,25.8923,22,26,33
2621,25.8923,23,27,32
2622,25.8923,23,27,32
2623,25.8923,22,27,32
2624,25.8923,24,27,31
2625,25.8923,24,27,33
2626,25.8923,22,27,32
2627,25.8923,24,27,31
2628,25.8923,23,27,33
2629,25.8923,23,27,32
2630,25.8923,24,27,33
2631,25.8923,23,27,33
2632,25.8923,24,27,33
2633,25.8923,23,27,33
2634,25.8923,23,27,33
2635,25.8923,22,26,33
2636,25.8923,23,27,32
2637,25.8923,24,27,33
2638,25.8923,24,27,32
2639,25.8923,23,27,32
2640,25.8923,24,27,33
2641,25.8923,23,27,33
2642,25.8923,23,27,32
2643,25.8923,24,27,33
2644,25.8923,23,27,31
2645,25.8923,24,27,32
2646,25.8923,22,27,32
2647,25.8923,24,27,33
2648,25.8923,23,27,33
2649,25.8923,24,27,33
2650,25.8923,24,27,33
2651,25.8923,23,27,32
2652,25.8923,24,27,33
2653,25.8923,22,27,32
2654,25.8923,22,27,33
2655,25.8923,23,27,31
2656,25.8923,20,25,31
2657,25.8923,22,27,33
2658,25.8923,21,27,33
2659,25.8923,24,27,33
2660,25.8923,23,27,32
2661,25.8923,24,27,33
2662,25.8923,24,27,32
2663,25.8923,24,27,33
2664,25.8923,24,27,33
2665,25.8923,23,27,32
2666,25.8923,22,26,32
2667,25.8923,22,27,33
2668,25.8923,22,27,32
2669,25.8923,23,27,33
2670,25.8923,24,27,32
2671,25.8923,22,26,31
2672,25.8923,23,27,33
2673,25.892,24,27,33
2674,25.892,24,27,33
2675,25.892,24,27,32
2676,25.892,24,27,33
2677,25.892,24,27,33
2678,25.892,22,27,32
2679,25.892,22,27,33
2680,25.892,23,27,32
2681,25.892,24,27,33
2682,25.892,24,27,31
2683,25.892,23,27,32
2684,25.892,24,27,33
2685,25.892,24,27,32
2686,25.892,24,27,33
2687,25.892,24,27,33
2688,25.892,24,27,33
2689,25.892,23,27,32
2690,25.892,24,27,32
2691,25.892,24,27,32
2692,25.892,22,27,33
2693,25.892,24,27,33
2694,25.892,22,26,32
2695,25.892,22,26,33
2696,25.892,24,27,33
2697,25.892,24,27,32
2698,25.892,22,27,33
2699,25.892,22,27,32
2700,25.892,22,27,31
2701,25.892,22,27,33
2702,25.892,24,27,33
2703,25.892,23,27,31
2704,25.892,23,27,33
2705,25.892,24,27,32
2706,25.892,22,27,33
2707,25.892,22,27,32
2708,25.892,24,27,32
2709,25.892,23,27,31
2710,25.892,24,27,31
2711,25.892,23,27,32
2712,25.892,23,27,30
2713,25.892,24,27,33
2714,25.892,23,27,33
2715,25.892,22,27,33
2716,25.892,22,27,32
2717,25.892,22,27,32
2718,25.892,24,27,33
2719,25.892,22,27,33
2720,25.892,24,27,33
2721,25.892,24,27,32
2722,25.892,22,27,33
2723,25.892,24,27,33
2724,25.892,22,27,31
2725,25.892,22,27,31
2726,25.892,22,27,33
2727,25.892,22,27,33
2728,25.892,23,27,32
2729,25.892,24,27,32
2730,25.892,23,27,31
2731,25.892,24,27,32
2732,25.892,24,27,33
2733,25.892,24,27,32
2734,25.892,24,27,31
2735,25.892,24,27,33
2736,25.892,23,27,32
2737,25.892,24,27,33
2738,25.892,24,27,31
2739,25.892,24,27,33
2740,25.892,24,27,31
2741,25.892,24,27,31
2742,25.892,24,27,32
2743,25.892,24,27,32
2744,25.892,23,27,31
2745,25.892,23,27,32
2746,25.892,24,27,31
2747,25.892,23,27,32
2748,25.892,24,27,33
2749,25.892,24,27,32
2750,25.892,23,27,32
2751,25.892,22,27,33
2752,25.892,24,27,33
2753,25.892,22,27,32
2754,25.892,22,27,33
2755,25.892,23,27,32
2756,25.892,24,27,32
2757,25.892,22,27,33
2758,25.892,24,27,32
2759,25.892,23,27,31
2760,25.892,24,27,33
2761,25.892,24,27,33
2762,25.892,24,27,32
2763,25.892,23,27,32
2764,25.892,24,27,32
2765,25.892,23,27,31
2766,25.892,24,27,33
2767,25.892,24,27,33
2768,25.892,23,27,31
2769,25.892,24,27,33
2770,25.892,23,26,30
2771,25.892,24,27,33
2772,25.892,24,27,33
2773,25.892,24,27,33
2774,25.892,24,27,31
2775,25.892,22,27,31
2776,25.892,24,27,32
2777,25.892,24,27,32
2778,25.892,24,27,31
2779,25.892,24,27,33
2780,25.892,23,27,33
2781,25.892,22,27,33
2782,25.892,22,27,32
2783,25.892,22,26,32
2784,25.892,24,27,33
2785,25.892,23,27,33
2786,25.892,24,27,33
2787,25.892,20,27,32
2788,25.892,24,27,33
2789,25.892,22,26,33
2790,25.892,22,26,33
2791,25.892,23,27,31
2792,25.892,22,27,33
2793,25.892,24,27,32
2794,25.892,23,27,31
2795,25.892,23,27,33
2796,25.892,23,27,33
2797,25.892,24,27,33
2798,25.892,22,27,32
2799,25.892,23,27,32
2800,25.892,23,27,33
2801,25.892,23,27,31
2802,25.892,24,27,33
2803,25.892,24,27,33
2804,25.892,24,27,33
2805,25.892,24,27,32
2806,25.892,24,27,33
2807,25.892,24,27,33
2808,25.892,22,27,32
2809,25.892,24,27,33
2810,25.892,24,27,32
2811,25.892,24,27,33
2812,25.892,22,27,32
2813,25.892,24,27,33
2814,25.892,24,27,32
2815,25.892,22,27,32
2816,25.892,22,27,33
2817,25.892,23,27,32
2818,25.892,23,26,32
2819,25.892,24,27,32
2820,25.892,23,27,31
2821,25.892,24,27,32
2822,25.892,24,27,33
2823,25.892,24,27,33
2824,25.892,24,27,33
2825,25.892,24,27,32
2826,25.892,24,27,33
2827,25.892,24,27,33
2828,25.892,21,27,32
2829,25.8903,24,27,33
2830,25.8903,23,27,31
2831,25.8903,22,27,31
2832,25.8903,24,27,33
2833,25.8903,24,27,32
2834,25.8903,24,27,33
2835,25.8903,24,27,33
2836,25.8903,23,27,33
2837,25.8903,24,27,32
2838,25.8903,24,27,33
2839,25.8903,24,27,33
2840,25.8903,24,27,31
2841,25.8903,24,27,33
2842,25.8903,22,27,33
2843,25.8903,24,27,32
2844,25.8903,23,27,33
2845,25.8903,24,27,33
2846,25.8903,24,27,33
2847,25.8903,22,27,33
2848,25.8903,21,27,32
2849,25.8903,24,27,32
2850,25.8903,23,27,33
2851,25.8903,23,27,32
2852,25.8903,22,27,33
2853,25.8903,23,27,31
2854,25.8903,22,27,32
2855,25.8903,23,26,30
2856,25.8903,24,27,33
2857,25.8903,24,27,32
2858,25.8903,24,27,33
2859,25.8903,24,27,33
2860,25.8903,24,27,33
2861,25.8903,24,27,32
2862,25.8903,24,27,32
2863,25.8903,22,25,31
2864,25.8903,23,27,32
2865,25.8903,24,27,33
2866,25.8903,21,27,31
2867,25.8903,23,27,32
2868,25.8903,24,27,33
2869,25.8903,24,27,32
2870,25.8903,24,27,33
2871,25.8903,23,27,31
2872,25.8903,24,27,33
2873,25.8903,23,27,30
2874,25.8903,23,27,32
2875,25.8903,22,27,31
2876,25.8903,22,27,32
2877,25.8903,24,27,33
2878,25.8903,24,27,32
2879,25.8903,21,27,31
2880,25.8903,22,27,33
2881,25.8903,22,27,32
2882,25.8903,24,27,33
2883,25.8903,22,26,33
2884,25.8903,24,27,33
2885,25.8903,23,27,32
2886,25.8903,23,27,30
2887,25.892,24,27,33
2888,25.892,23,27,32
2889,25.892,23,27,32
2890,25.892,24,27,32
2891,25.892,22,27,33
2892,25.892,24,27,33
2893,25.892,24,27,33
2894,25.892,24,27,32
2895,25.892,24,27,33
2896,25.892,24,27,33
2897,25.892,23,27,33
2898,25.892,22,23,28
2899,25.892,23,27,33
2900,25.892,24,27,33
2901,25.892,22,27,33
2902,25.892,21,27,30
2903,25.892,24,27,32
2904,25.892,22,26,33
2905,25.892,24,27,32
2906,25.892,22,27,31
2907,25.892,21,27,29
2908,25.892,24,27,33
2909,25.892,22,27,32
2910,25.892,24,27,33
2911,25.892,22,27,32
2912,25.892,23,27,33
2913,25.892,22,27,33
2914,25.892,24,27,33
2915,25.892,23,27,32
2916,25.892,22,27,31
2917,25.892,22,27,32
2918,25.892,21,27,32
2919,25.892,24,27,33
2920,25.892,22,27,32
2921,25.892,24,27,33
2922,25.892,22,27,33
2923,25.892,22,27,33
2924,25.892,24,27,33
2925,25.892,22,27,32
2926,25.894,24,27,33
2927,25.894,20,26,33
2928,25.894,24,27,33
2929,25.894,24,27,32
2930,25.894,22,27,33
2931,25.892,24,27,33
2932,25.892,24,27,32
2933,25.892,22,27,31
2934,25.892,23,26,28
2935,25.892,24,27,33
2936,25.892,24,27,33
2937,25.892,24,27,33
2938,25.892,24,27,33
2939,25.892,22,27,33
2940,25.892,24,27,33
2941,25.892,24,27,31
2942,25.892,23,25,30
2943,25.894,24,27,33
2944,25.894,22,27,31
2945,25.894,24,27,33
2946,25.894,24,27,33
2947,25.894,24,27,33
2948,25.894,22,27,30
2949,25.894,22,27,32
2950,25.894,22,27,30
2951,25.894,24,27,33
2952,25.894,24,27,33
2953,25.894,22,27,33
2954,25.894,22,27,33
2955,25.894,24,27,33
2956,25.894,22,27,31
2957,25.894,24,27,33
2958,25.894,22,27,33
2959,25.894,23,27,32
2960,25.894,22,27,33
2961,25.894,23,27,33
2962,25.894,24,27,32
2963,25.894,23,27,32
2964,25.894,24,27,33
2965,25.894,24,27,33
2966,25.894,22,26,31
2967,25.894,22,27,33
2968,25.894,24,27,33
2969,25.894,24,27,33
2970,25.894,24,27,33
2971,25.894,24,27,32
2972,25.894,24,27,32
2973,25.894,24,27,32
2974,25.894,23,27,33
2975,25.894,24,27,33
2976,25.894,22,26,30
2977,25.894,24,27,33
2978,25.894,23,27,33
2979,25.9773,24,27,34
2980,25.9773,22,27,32
2981,25.9773,23,27,33
2982,25.9773,24,27,34
2983,25.9773,24,27,33
2984,25.9773,23,27,33
2985,25.9773,24,27,34
2986,25.9773,24,27,34
2987,25.9773,22,27,34
2988,25.9773,23,27,32
2989,25.9773,24,27,33
2990,25.9773,24,27,34
2991,25.9773,22,27,34
2992,25.9773,24,27,32
2993,25.9773,23,27,34
2994,25.9773,23,27,32
2995,25.9773,24,27,32
2996,25.9773,24,27,34
2997,25.9773,23,27,33
2998,25.9773,24,27,33
2999,25.9773,22,27,32
